OvertimePay,OtherPay,TotalPayBenefits,Status_Binary
0.0,47099.71,309170.92,0
0.0,37590.2,308587.04,0
0.0,37590.2,305541.51,0
11301.12,45879.17,299005.72,0
0.0,59220.5,298002.82,0
0.0,37761.23,297504.64,0
0.0,37690.69,297434.17,0
0.0,36196.59,296394.1,0
1455.48,22428.21,291751.87,0
0.0,37430.89,291705.63,0
0.0,35532.64,291586.51,0
0.0,40659.98,289243.24,0
0.0,20528.0,287898.44,0
0.0,20162.59,285003.26,0
0.0,20320.92,283307.03,0
0.0,18321.53,281839.4,0
0.0,16829.01,279815.14,0
0.0,34288.61,278148.32,0
0.0,31645.8,274995.7,0
0.0,34317.23,271230.43,0
15733.2,18376.26,269677.75,0
22234.59,250.0,269346.07,0
0.0,32113.6,267703.45,0
0.0,39950.65,267242.7,0
16275.76,16852.07,266253.57,0
0.0,19651.24,265604.01,0
0.0,33147.78,264352.69,0
0.0,30318.58,263978.92,0
9358.18,12965.48,262910.42,0
0.0,18624.2,262483.96,0
0.0,18624.2,262289.55,0
0.0,32078.19,262275.81,0
0.0,18586.72,261953.11,0
0.0,31195.06,261564.64,0
0.0,18548.95,261483.8,0
0.0,19248.0,261475.56,0
0.0,11173.5,260582.92,0
1100.4,25086.89,259511.65,0
2009.7,24257.1,258478.91,0
4245.15,21843.5,257572.85,1
0.0,20726.34,257550.55,0
0.0,0.0,257481.97,0
0.0,31557.41,256399.63,0
0.0,21691.6,255982.84,0
0.0,31643.88,255602.67,0
0.0,18090.66,255202.85,0
0.0,14693.31,254575.39,0
0.0,32060.2,254328.42,0
0.0,17975.3,253368.35,0
8782.12,12217.59,252885.3,0
0.0,17793.27,251375.34,0
0.0,17517.91,249642.59,0
0.0,8332.74,248325.34,0
9650.17,10246.41,247825.28,0
0.0,250.0,247175.67,0
0.0,250.0,247175.65,0
0.0,250.0,247175.65,0
0.0,250.0,247175.65,0
0.0,250.0,247173.69,0
0.0,250.0,247136.89,0
6856.4,368.38,247112.4,0
0.0,250.0,247111.61,0
0.0,19450.81,246674.23,0
0.0,19637.81,246547.59,0
12621.33,8298.07,245917.72,0
0.0,9888.07,244655.63,0
0.0,11568.34,244612.34,0
0.0,11613.59,244465.17,0
0.0,17122.8,244326.61,0
0.0,415.88,243515.74,0
0.0,250.0,242866.6,0
0.0,2179.44,242490.54,0
2079.15,250.0,242124.51,0
0.0,22997.22,241949.93,0
0.0,3951.52,241327.02,0
1174.69,250.0,241284.26,0
0.0,29847.1,241183.87,0
24633.99,285.05,240782.92,0
12909.46,17952.11,240777.2,0
9081.8,7150.9,240739.48,0
0.0,23078.87,240482.76,0
0.0,0.0,240044.55,0
0.0,0.0,239882.12,0
0.0,0.0,239859.6,0
0.0,250.0,239605.83,0
0.0,4099.09,239534.86,0
0.0,4684.91,238530.89,0
645.92,4014.78,237911.07,0
8038.51,33455.07,237795.09,0
10095.33,31986.63,237709.97,0
0.0,250.0,237488.72,0
0.0,14913.47,237464.31,0
0.0,14814.91,237266.27,0
12944.5,30730.78,236698.37,0
0.0,10226.86,236053.18,0
0.0,250.0,235901.51,0
8988.01,33050.05,235896.48,0
1792.66,1149.27,235866.15,0
0.0,13809.71,235802.28,0
0.0,30041.79,235791.49,0
0.0,4515.56,235424.53,0
0.0,29522.58,234987.96,0
0.0,5223.03,234622.25,0
0.0,16622.72,234161.93,1
6082.63,34441.51,234050.96,0
0.0,16484.9,233925.68,0
496.58,250.0,233694.21,0
12746.65,7095.83,233612.96,1
11361.77,32774.95,233551.31,0
0.0,250.0,233294.02,0
0.0,250.0,233289.24,0
0.0,0.0,233055.76,0
0.0,0.0,233017.77,0
0.0,19916.82,232232.9,1
8076.72,30190.57,231765.59,0
2421.42,4798.91,231693.59,0
0.0,16310.06,231602.04,0
7376.87,30270.95,231413.79,0
7121.89,35542.17,230957.99,0
10398.86,27315.01,230716.86,0
4457.85,15152.29,230652.07,1
12752.59,37103.04,230421.87,0
7919.45,27232.89,229688.38,0
2343.11,5307.88,229608.44,0
0.0,250.0,229290.83,0
0.0,21753.48,228765.37,0
0.0,14836.41,228756.42,0
0.0,1450.0,228204.92,0
9282.37,31105.99,228145.12,0
0.0,19052.04,228071.86,0
8988.0,27772.79,227980.08,0
3878.82,1874.14,227889.61,1
0.0,28093.8,227883.62,0
0.0,770.0,227386.24,0
992.7,1431.16,226876.97,0
10715.72,24894.06,226446.12,0
0.0,16472.33,226349.53,1
0.0,1433.12,226068.85,0
16085.49,32552.01,225194.89,0
8787.17,318.28,224990.24,1
8899.72,29554.82,224854.66,0
0.0,26771.49,224577.13,0
8400.26,23137.12,224331.41,0
8342.11,7833.52,224155.68,1
0.0,735.0,223851.25,0
6020.44,24612.18,223481.65,0
8249.73,21731.85,223454.57,0
9088.24,28662.59,223322.21,0
9580.07,32918.63,223161.24,0
10815.14,26752.99,223005.21,0
0.0,1400.0,222964.14,0
0.0,1550.0,222891.29,0
4036.12,32585.61,222641.54,0
0.0,1525.0,222510.63,0
94.67,250.0,222053.71,0
0.0,250.0,221861.09,0
10456.31,20290.12,221648.54,0
8409.63,52676.27,221508.93,1
0.0,50378.72,221377.34,1
0.0,250.0,221289.62,1
0.0,250.0,221198.89,0
281.45,2945.23,221093.71,0
0.0,1714.74,220565.8,0
0.0,250.0,220542.36,0
8118.65,30952.65,220067.3,0
2791.98,28746.26,219909.12,0
6825.61,28690.03,219873.47,0
4202.4,31292.47,219562.81,0
1022.39,1641.94,219536.69,0
0.0,21189.82,219327.6,0
12028.98,17151.33,219096.71,0
10718.1,27532.65,218952.19,0
0.0,2482.66,218695.2,0
0.0,250.0,218208.54,0
0.0,250.0,218140.31,0
0.0,630.0,218050.11,1
12095.86,23724.12,218013.01,0
14166.79,27536.28,217863.71,0
9446.31,26592.55,217609.41,0
8249.73,17137.53,217382.6,0
8331.47,8690.18,217353.21,1
12595.23,7579.49,217236.0,1
4828.77,20676.91,217049.77,0
3824.86,23124.99,216727.72,0
7293.87,17813.7,216289.68,0
0.0,20453.61,216214.45,0
9401.64,29832.07,216210.54,0
0.0,6154.8,215837.17,0
6310.79,17023.36,215310.62,0
9892.5,28984.14,215303.42,0
9194.77,33186.79,215251.4,0
9357.12,19342.99,215234.74,0
7656.06,20332.9,215168.12,0
9853.67,30033.47,214980.31,0
3888.28,6441.29,214780.04,0
7311.68,17351.06,214665.54,0
9077.37,14007.83,214619.97,0
0.0,250.0,214306.22,0
7062.09,19270.98,214034.39,0
4570.03,16963.68,213838.87,0
14984.58,27028.43,213626.11,1
6314.14,29279.46,213505.14,0
8299.17,13224.58,213318.5,0
8297.92,24645.07,212979.85,0
0.0,327.9,212756.36,0
0.0,26046.94,212334.24,1
7465.98,19522.99,212222.36,0
8164.24,16768.76,211788.1,0
10133.13,12700.74,211513.01,0
11979.73,20337.68,211309.85,0
4271.07,8658.63,211196.97,0
0.0,1318.3,211144.59,0
7389.66,21087.02,210891.27,0
0.0,250.0,210585.42,0
20204.52,14809.51,210361.48,1
7288.38,30973.21,210238.06,0
8249.73,18409.86,210142.95,0
9144.94,12473.26,209818.88,0
7349.13,22456.76,209624.76,0
9740.82,21934.19,209609.29,0
0.0,250.0,209508.0,0
0.0,2454.64,208932.31,1
8328.25,29901.24,208721.39,0
5459.21,26144.45,208713.26,0
14939.93,20011.72,208589.46,0
0.0,1076.0,208550.5,0
0.0,4628.02,208047.46,0
6336.97,10537.89,207980.79,0
7236.23,14649.57,207877.65,0
4547.0,20778.96,207754.24,0
4743.22,15988.72,207543.95,0
6944.94,19584.78,207306.63,0
7908.58,21879.12,207262.77,0
7966.75,26058.35,207051.15,0
6590.08,9694.93,207040.73,0
0.0,1300.0,206775.99,1
0.0,3367.5,206362.62,0
2771.95,6230.14,206282.48,1
1747.63,20161.67,206062.3,0
17528.7,3982.83,206029.69,1
0.0,850.0,205907.21,1
0.0,0.0,205426.57,0
93.07,4785.69,205338.79,1
0.0,250.0,204337.93,1
5889.58,24697.67,203990.7,1
5458.22,12797.21,203951.36,0
4308.5,18399.32,203929.82,0
12993.27,13880.06,203582.03,0
0.0,250.0,203572.21,1
0.0,910.0,203535.65,0
0.0,12253.14,203453.67,0
4772.77,22862.17,203401.7,0
7220.49,13137.67,203360.43,0
8817.09,19318.84,203038.84,0
410.0,3315.63,203006.21,0
4498.44,19764.81,202926.18,0
10382.65,5429.15,202907.4,0
1636.48,24072.7,202859.3,0
0.0,948.78,202844.04,1
6720.13,8253.04,202700.27,0
10949.79,20445.51,202691.57,1
7845.64,19851.86,202613.62,0
10312.2,12909.77,202446.19,0
10763.03,22262.54,202422.12,1
6571.04,8764.68,202331.19,0
0.0,33540.9,202241.65,1
0.0,52769.48,201880.04,1
4164.15,409.06,201874.43,1
6353.53,16790.99,201721.8,0
10629.41,20259.92,201643.09,1
7319.55,5472.42,201279.77,0
7020.73,15550.5,201201.3,0
6565.28,5559.58,201197.14,0
5862.43,5374.52,200827.73,0
0.0,250.0,200582.87,1
814.95,9240.56,200554.11,0
7797.05,22090.68,200404.48,1
7607.78,21034.45,200395.0,0
8057.64,9583.15,200394.54,0
1154.05,10798.61,200190.86,0
0.0,8896.1,200088.89,0
6878.41,20881.63,199780.52,1
9029.25,4388.46,199718.39,0
0.0,9168.45,199648.4,0
10929.73,27675.01,199630.04,0
647.53,30482.14,199391.37,1
8979.4,3728.06,199359.03,0
0.0,304.9,199358.98,0
8238.0,2145.18,199345.03,0
7359.45,2536.96,199252.69,0
0.0,1035.79,199220.35,1
6698.24,4302.92,199210.71,0
9388.18,22675.0,199033.49,0
0.0,12742.59,198913.41,0
4220.11,10274.93,198808.87,0
6464.46,20506.79,198684.14,1
722.1,17282.59,198420.38,0
0.0,8095.06,198325.52,0
0.0,8097.6,198322.89,0
0.0,49497.9,198289.08,1
5120.13,12095.79,198104.93,0
9216.83,11495.86,198103.91,0
5425.65,8018.9,197825.59,0
431.45,7220.31,197701.66,0
9086.77,11908.07,197563.55,0
0.0,14685.01,197394.56,1
13326.79,14346.88,197255.62,1
0.0,7128.19,197133.05,0
10063.0,11439.24,197102.15,0
0.0,8835.85,197060.59,0
0.0,1010.63,196969.96,1
8687.93,14817.72,196940.12,0
10992.12,25023.32,196913.24,1
4333.53,12309.14,196829.48,0
9389.27,23121.92,196784.81,0
8283.97,19605.13,196617.54,0
9989.69,18027.63,196541.84,1
10349.0,12692.07,196449.01,1
0.0,10688.61,196369.41,0
0.0,250.0,196355.18,1
12234.81,17279.97,196324.69,0
4256.23,5247.92,196266.52,0
3615.16,16429.52,196227.21,0
5480.19,19466.07,196017.55,1
0.0,6078.01,195836.5,0
0.0,6078.0,195836.25,0
0.0,248.42,195822.3,0
0.0,12548.82,195615.65,0
7446.75,2389.06,195575.33,0
2952.93,8587.73,195387.27,0
3590.52,5928.21,195271.49,0
5691.54,20109.31,195158.88,1
3379.5,2772.21,195156.94,0
9045.7,18912.07,195145.65,1
4941.1,14693.77,194967.93,0
7220.94,6926.78,194890.16,0
0.0,6128.02,194782.67,0
7809.35,1592.95,194639.94,0
0.0,250.0,194595.26,0
7342.32,9187.68,194424.33,0
0.0,5958.62,194260.17,0
8057.64,9415.11,194193.38,0
4213.49,1861.81,194132.2,0
11250.84,14090.12,194048.22,0
10430.38,17515.04,194039.68,1
3447.24,14362.15,193815.21,0
7312.77,19226.46,193634.13,1
14653.78,20064.16,193565.71,1
2397.45,34239.26,193565.59,1
11884.49,24505.41,193545.07,1
0.0,5457.99,193476.96,0
8911.74,4664.5,193384.39,0
0.0,250.0,193304.87,1
5270.72,19537.99,193277.86,0
0.0,3843.67,193084.82,0
6116.88,6758.66,193052.86,0
8205.95,12832.55,193039.05,0
11751.54,20502.75,192917.37,1
4147.3,8424.95,192808.16,0
0.0,4841.27,192804.8,0
0.0,10218.43,192667.74,0
6844.41,21656.75,192656.08,1
9140.65,10425.03,192619.18,0
6414.62,20280.92,192563.51,0
2650.04,2096.59,192469.61,0
4933.67,12974.58,192390.09,0
855.26,11810.05,192194.78,0
4123.35,5144.99,192158.6,0
0.0,8940.08,191964.52,0
14581.89,12214.37,191956.34,0
10964.65,21908.78,191918.45,0
0.0,2862.56,191868.99,0
6351.3,2728.96,191706.13,0
0.0,0.0,191691.45,0
9003.6,21244.87,191544.6,1
0.0,2583.53,191516.9,0
7816.11,19327.41,191382.95,1
7897.74,20483.15,191215.75,1
1793.38,26293.7,191201.58,1
0.0,6878.38,191171.08,0
0.0,13092.21,191138.75,0
2437.35,3032.0,191130.34,0
0.0,2205.34,191060.48,0
11913.72,23041.04,191038.65,1
11594.93,10038.16,190939.89,1
372.3,8273.94,190908.5,0
6778.35,8158.47,190442.4,0
1001.99,11855.23,190383.55,0
2771.45,25241.82,190370.36,1
0.0,2279.55,190307.39,0
7933.2,2620.08,190243.25,0
0.0,1525.0,190219.27,0
0.0,2395.98,190188.11,0
5819.77,17387.71,190067.39,1
3188.7,2958.26,189751.94,0
5038.11,11786.48,189718.35,0
0.0,11995.27,189665.46,0
0.0,8424.52,189595.51,0
0.0,8758.84,189564.95,0
814.95,250.0,189487.63,0
0.0,921.76,189460.69,1
814.95,250.0,189450.61,0
6354.3,9067.18,189380.98,0
748.76,4308.54,189272.21,0
4183.11,11935.34,189264.05,0
5366.37,18542.49,189247.47,0
2637.21,11443.99,189199.4,1
8586.08,4077.82,189113.9,0
0.0,8914.57,189056.2,0
0.0,8674.53,188762.9,0
0.0,1275.0,188680.25,0
0.0,3542.32,188670.18,0
0.0,250.0,188646.17,0
0.0,7317.73,188638.32,0
0.0,4878.04,188602.11,0
6722.48,24016.44,188580.23,1
0.0,8467.17,188507.44,0
0.0,4878.0,188450.86,0
0.0,0.0,188396.17,0
0.0,9241.8,188261.8,0
10434.8,6493.6,188222.17,0
11098.0,22059.23,188187.18,1
9003.6,19726.82,188026.67,1
9811.49,17565.4,187999.17,1
6181.5,2895.46,187813.67,0
5634.29,7790.04,187753.32,0
0.0,8451.34,187700.26,0
4375.97,11986.72,187670.93,0
6885.07,18419.42,187603.84,1
0.0,7711.77,187573.18,0
0.0,725.0,187553.08,0
3879.99,1407.91,187488.06,1
5389.08,8460.76,187424.96,0
7426.89,13427.37,187308.07,0
4768.29,6449.09,187256.12,0
12388.29,22234.18,187191.27,1
6384.86,22216.5,187132.89,1
11638.71,19853.3,187132.52,1
14003.6,20790.33,187006.16,1
2635.76,19853.59,186960.23,1
2497.04,4754.11,186941.44,0
4170.75,342.32,186904.24,0
6988.83,19162.45,186831.28,1
0.0,7089.99,186807.41,0
8316.81,21993.69,186746.03,1
0.0,5728.2,186699.31,0
0.0,250.0,186683.55,1
0.0,6874.59,186539.39,0
0.0,4964.59,186471.2,0
0.0,6798.64,186445.92,0
1459.13,20512.51,186073.9,1
13211.22,22218.31,185966.51,1
7459.95,4374.07,185931.15,0
3201.38,7819.09,185925.8,0
766.95,7451.78,185713.31,0
6988.68,6311.48,185673.47,0
0.0,277.17,185529.98,0
0.0,5152.71,185487.56,1
125.73,22304.14,185462.04,1
0.0,8840.03,185426.56,0
9741.42,17003.87,185363.51,1
6673.67,23834.14,185295.04,1
0.0,1550.0,185103.22,0
4119.15,18253.34,185062.53,1
0.0,6064.29,185029.89,0
6816.36,18415.0,184997.29,1
2991.98,15603.76,184929.79,1
5004.74,7089.15,184908.22,0
20529.88,7498.69,184869.7,1
6259.38,2236.49,184815.73,0
12225.69,21098.78,184807.92,1
4038.7,17365.59,184800.91,1
5397.48,11598.76,184785.77,0
8846.47,15583.29,184774.4,1
5741.52,8346.29,184763.29,0
7094.74,23642.64,184730.76,1
10886.11,21136.33,184706.78,1
8262.61,20985.43,184680.76,1
6348.13,7691.98,184618.4,0
0.0,5261.48,184550.31,0
9125.14,16730.39,184506.67,1
3722.42,24081.73,184483.65,1
6407.34,2715.09,184472.52,0
2695.42,3887.67,184334.12,0
0.0,3942.27,184277.94,1
5362.69,11179.95,184238.71,0
6402.84,6093.26,184208.79,1
6732.18,21021.16,184155.94,1
5453.17,3366.21,184133.16,0
6717.94,22072.45,184115.54,1
9828.97,20613.49,183972.67,1
0.0,7156.46,183942.65,0
5844.32,12064.31,183866.72,1
5689.53,3484.63,183858.94,1
4753.99,7326.28,183816.27,1
0.0,5177.48,183806.47,0
0.0,485.76,183790.63,0
3283.59,10137.93,183730.48,0
5151.8,4375.87,183681.52,0
10018.02,17920.03,183633.93,1
11851.4,5094.07,183616.88,1
0.0,250.0,183499.64,0
0.0,250.0,183499.62,0
0.0,250.0,183499.62,0
1990.49,250.0,183423.16,0
0.0,250.0,183380.2,0
12346.44,19144.49,183253.2,1
5744.83,21253.33,183244.7,1
8931.68,18188.91,183223.83,1
0.0,4171.89,183014.89,0
5245.28,5554.17,183013.62,0
0.0,1475.0,182926.83,1
6958.32,605.93,182826.15,0
5412.66,8858.29,182798.19,0
0.0,6703.23,182736.66,0
5578.05,4202.0,182696.38,0
6765.64,17669.97,182658.68,1
0.0,1691.46,182655.72,0
6534.4,22370.39,182603.68,1
7407.17,5411.04,182529.43,0
6698.49,18158.9,182522.3,1
0.0,2466.29,182462.4,0
10716.63,18788.94,182430.33,1
6774.3,3033.45,182291.32,0
9481.43,20094.71,182291.22,1
5558.98,8633.88,182273.41,1
0.0,250.0,182157.12,1
2502.82,11634.33,182155.97,0
6604.08,12238.04,182085.76,1
3624.69,6056.31,181883.39,0
2606.76,11244.72,181821.22,1
5791.25,17315.74,181800.07,1
3615.06,6988.48,181542.74,0
5733.02,18307.86,181494.65,1
7693.05,1618.73,181332.57,0
7672.03,5484.88,181319.71,1
0.0,9069.72,181272.35,0
7251.78,3106.15,181191.34,0
629.67,3874.66,180953.28,0
5997.64,20206.89,180945.98,1
5135.05,2959.66,180938.72,1
1443.0,8280.15,180931.16,0
21830.84,5475.45,180897.94,1
6086.16,12390.01,180876.49,1
191.74,2105.66,180847.53,0
4074.33,15359.82,180734.45,0
7768.76,7910.08,180721.25,0
0.0,3170.9,180684.26,0
7484.96,17251.38,180677.11,1
2322.0,16284.15,180636.51,1
3570.51,5478.18,180627.56,1
5637.86,19882.77,180548.08,1
9409.59,18686.56,180529.58,1
9301.65,9755.09,180460.33,1
5160.72,10098.82,180283.99,0
11261.46,6679.62,180181.24,1
0.0,283.09,180065.01,1
2770.76,28414.96,179985.61,0
9216.54,9598.18,179976.39,1
10185.32,17032.21,179937.53,1
8172.42,17236.36,179926.37,1
0.0,11723.27,179908.56,0
2058.83,250.0,179863.66,0
0.0,2253.64,179855.0,1
0.0,1425.0,179817.57,0
8796.81,18219.43,179794.58,1
47.99,302.73,179734.42,0
0.0,1350.0,179723.44,0
0.0,5379.71,179719.63,0
7818.59,6864.9,179719.18,0
8977.3,17507.74,179704.74,1
12710.01,17346.18,179696.22,1
2064.45,491.64,179603.34,0
11267.77,9852.88,179575.16,1
14074.96,18356.5,179569.98,1
7018.68,16357.14,179560.27,1
649.33,4548.49,179559.42,0
5782.51,5062.74,179434.77,1
5149.2,5998.54,179415.85,1
10885.32,18363.8,179398.72,1
6774.3,3925.53,179336.53,0
5881.1,5908.73,179334.68,1
124.45,18939.44,179331.68,1
8485.47,15405.38,179237.62,1
2454.3,1462.19,179221.5,0
26418.52,5455.22,179203.29,1
7387.42,12768.21,179168.22,1
13409.87,3740.32,179140.28,1
766.95,250.0,179134.6,0
766.95,250.0,179134.6,0
0.0,5489.87,179074.56,0
0.0,1104.94,178994.53,0
7238.43,3958.44,178900.62,0
9966.47,12849.59,178869.4,1
5289.08,8226.7,178813.58,1
6428.67,5643.16,178718.81,1
2934.32,6073.09,178714.24,1
6490.58,21389.96,178659.71,1
7557.92,19840.12,178643.91,1
0.0,250.0,178638.36,0
7916.64,19487.15,178571.96,1
0.0,250.0,178492.44,0
0.0,345.87,178491.04,0
0.0,4017.93,178490.16,0
0.0,250.0,178367.69,0
0.0,250.0,178367.69,0
0.0,250.0,178367.67,0
0.0,250.0,178367.65,0
0.0,250.0,178367.65,0
7349.11,18076.35,178340.2,1
0.0,2502.65,178309.92,1
0.0,5442.9,178305.32,0
15688.33,4892.98,178252.5,1
8286.44,19587.16,178223.1,1
0.0,6819.89,178179.1,0
766.95,250.0,178171.36,0
7326.68,17817.92,178136.91,1
10375.77,19058.65,178097.52,1
11439.25,17287.55,178062.88,1
3760.09,6469.67,177980.28,0
7112.87,10426.05,177879.85,0
14537.25,16197.76,177862.84,1
2011.5,8285.2,177861.89,0
204.0,58432.92,177802.91,1
0.0,7870.16,177774.11,0
9758.14,6918.71,177759.12,1
766.95,250.0,177680.22,0
13009.39,8673.61,177401.11,1
10562.14,9857.76,177337.62,1
12007.19,17140.15,177319.7,1
5115.07,5327.81,177286.9,1
5374.92,17247.1,177235.37,1
0.0,2612.66,177059.21,0
23582.57,6276.88,177007.59,1
6021.0,28593.36,176984.91,1
0.0,6194.03,176761.66,0
0.0,2882.22,176653.12,0
2110.86,20133.73,176649.33,1
10921.02,16957.63,176602.8,1
9041.35,11122.95,176584.72,1
0.0,250.0,176584.0,0
4002.52,22868.88,176524.88,1
4557.3,2738.92,176439.14,0
5423.15,18535.98,176392.95,1
6567.24,18437.48,176281.81,1
0.0,5384.54,176269.5,0
11185.99,23867.72,176253.92,1
0.0,250.0,176199.07,0
9111.45,6150.96,176195.91,1
3875.72,18215.57,176182.33,1
10347.14,18514.94,176122.94,1
6609.81,10799.56,176090.04,1
5372.1,20872.88,176038.56,0
6764.37,17252.9,176022.02,1
0.0,250.0,175840.44,0
3071.43,5762.33,175840.3,0
6025.95,9979.92,175827.34,1
0.0,6194.43,175804.88,0
4456.52,4980.46,175775.02,1
6905.68,8720.42,175760.91,0
10629.19,16044.55,175749.9,1
0.0,2270.46,175689.61,0
0.0,1500.0,175554.31,0
805.0,6873.95,175482.59,0
418.33,2021.66,175472.3,0
11115.39,5658.65,175427.75,1
7592.79,4999.12,175391.52,0
0.0,250.0,175367.64,0
6160.81,18496.2,175348.26,1
12672.05,17638.11,175337.15,1
7308.43,5261.72,175335.92,1
6926.47,19879.42,175300.04,1
2628.95,17088.9,175282.96,1
12685.37,9692.86,175218.37,1
11250.63,11765.36,175213.52,1
3898.13,4081.81,175161.11,1
2539.05,8725.72,175152.75,0
3748.2,2386.68,175115.74,0
7180.03,14576.38,175071.55,1
71089.29,6044.75,175055.61,0
0.0,2468.8,174954.99,0
3781.8,1457.73,174910.02,0
766.95,250.0,174893.89,0
6518.57,14396.19,174886.87,1
1661.63,8148.87,174830.62,1
0.0,5133.14,174689.33,0
6460.5,7530.5,174594.16,0
3381.71,3546.04,174542.46,1
0.0,1650.0,174492.66,1
0.0,250.0,174468.5,0
0.0,1361.64,174454.78,0
6491.89,17606.23,174333.18,1
6182.37,17373.47,174306.9,1
5405.26,23336.71,174294.46,1
743.7,359.41,174269.1,0
5482.8,17877.86,174231.69,1
12778.68,16876.71,174220.2,1
5312.87,17397.79,174198.18,1
743.7,250.0,174133.78,0
5046.92,5215.7,174062.88,1
0.0,250.0,174006.23,0
692.41,2153.93,173833.51,1
0.0,542.1,173750.3,0
6764.37,18494.43,173652.48,1
0.0,250.0,173648.46,0
12017.25,5292.56,173620.88,1
1336.48,8758.8,173527.7,0
0.0,3022.02,173471.38,0
7838.82,7909.81,173422.74,1
0.0,250.0,173395.7,0
0.0,250.0,173390.09,0
9501.73,16456.56,173372.22,1
1324.58,19744.52,173370.93,1
0.0,710.16,173353.03,0
13175.94,4512.62,173334.41,1
5320.48,18052.82,173303.83,1
2546.15,10532.65,173294.68,1
9138.71,1080.49,173216.53,0
9958.63,18801.36,173120.36,1
3444.22,5105.7,173117.56,1
2628.95,17282.21,173020.38,1
7543.61,16131.69,172887.06,1
279.58,2597.96,172880.02,0
282.22,1247.22,172783.94,0
5506.27,12359.25,172778.89,0
6716.25,1874.38,172772.31,0
8207.16,9068.29,172709.64,1
7043.42,11602.48,172691.5,1
0.0,16930.6,172646.17,1
4612.67,12256.58,172589.7,0
0.0,7455.14,172507.54,0
0.0,1527.17,172449.08,1
9011.4,17007.68,172371.04,1
6165.02,29618.38,172252.18,1
4353.34,15843.15,172204.7,0
8473.4,15640.58,172159.29,1
335.93,10065.29,172053.34,1
10176.9,17013.03,172038.79,1
0.0,8264.0,172034.68,0
6920.89,17834.31,171934.14,1
0.0,5577.4,171895.19,1
5952.46,10671.98,171831.66,1
715.78,1907.8,171822.93,0
77.25,764.33,171755.53,0
5317.2,16857.7,171755.37,1
1189.13,18140.86,171711.54,1
7851.43,7704.23,171696.76,1
0.0,0.0,171659.6,0
6279.3,3090.29,171622.85,0
6579.5,2662.73,171619.44,0
11806.54,8540.74,171542.39,1
10956.3,7550.16,171534.78,1
0.0,1776.35,171460.78,0
3016.69,1573.03,171396.26,0
1457.4,419.53,171310.16,0
0.0,2533.29,171295.2,0
1307.48,10199.89,171269.78,1
1053.23,2574.88,171217.67,0
9888.55,10947.66,171186.03,1
2663.99,14743.14,171175.86,1
3093.02,17605.97,171132.49,1
1482.29,17519.45,171097.42,1
854.85,250.0,170585.87,1
5461.15,12727.25,170437.05,1
7217.59,8557.25,170382.12,1
7280.66,7845.14,170359.9,1
0.0,250.0,170331.88,0
11778.63,22558.0,170304.28,1
7634.57,7613.42,170301.68,1
6180.28,14742.98,170282.82,1
7628.62,12980.29,170234.69,1
11018.44,9118.08,170195.31,1
3788.77,16342.27,170143.53,1
4938.06,15474.97,170142.1,1
6583.2,1595.47,170101.71,0
7802.45,5203.95,169992.65,1
0.0,250.0,169975.64,0
8642.43,7119.0,169956.08,1
0.0,250.0,169936.49,1
477.05,7688.31,169931.7,1
7210.95,17578.45,169914.73,1
0.0,45618.19,169895.09,1
1449.32,9840.6,169865.74,1
1307.13,5550.22,169821.25,0
0.0,2127.95,169782.35,1
9465.04,6849.22,169781.44,1
0.0,10574.27,169688.69,0
4993.92,10417.46,169684.18,1
541.12,975.59,169674.98,0
11167.5,16736.59,169562.85,1
8684.2,7184.64,169406.72,1
6982.47,5524.74,169370.12,1
0.0,3568.96,169347.88,0
9512.68,4696.36,169256.1,1
32424.87,2293.68,169127.14,1
7331.43,5050.99,169125.43,1
6689.68,20795.77,169116.44,1
11279.4,22342.15,169090.77,1
6262.75,18329.99,169042.83,1
8974.34,5066.34,169038.62,1
10040.96,4659.84,168951.26,1
9912.48,7338.76,168882.71,1
5342.37,15482.92,168879.04,1
13688.71,6044.76,168796.9,1
8067.42,15558.45,168693.63,1
3499.62,5179.21,168566.93,1
10970.38,6405.62,168522.48,1
4916.53,12079.85,168460.84,1
1875.04,8309.64,168423.03,1
11993.96,8899.91,168409.58,1
1987.71,8849.57,168377.93,1
58061.97,6045.7,168350.97,0
0.0,1909.93,168348.11,0
5854.91,5556.69,168314.99,1
8872.08,5455.4,168289.62,1
6872.5,5290.98,168278.94,1
5445.7,6270.34,168170.88,1
9646.71,4917.37,168145.38,1
0.0,1450.0,168113.89,1
5933.69,7537.89,168097.3,1
5578.76,16792.79,168018.27,1
2226.93,9177.59,168017.0,1
4840.61,5618.17,167978.87,1
0.0,6253.37,167951.54,0
12385.51,15879.79,167797.25,1
2824.0,8804.6,167782.94,1
4082.75,5538.05,167729.37,1
6340.57,17372.06,167648.25,1
8183.96,19207.1,167334.73,1
5691.86,13340.64,167328.98,1
4780.46,2407.42,167316.05,0
9182.88,18056.56,167284.07,1
13740.91,21568.54,167265.42,1
6302.8,7082.87,167246.27,0
3124.88,4798.7,167220.39,1
0.0,2526.69,167217.99,0
1665.43,4851.73,167210.25,1
0.0,6566.71,167199.37,1
0.0,250.0,167195.52,0
1137.34,2234.91,167185.53,0
5320.07,17058.05,167135.31,1
6330.34,8096.8,167105.5,1
2342.3,7666.49,167068.13,0
9834.42,17520.73,167008.72,1
0.0,296.71,166987.85,0
0.0,5409.78,166954.54,0
0.0,4404.52,166936.51,1
6787.5,1771.39,166904.43,0
4702.41,7973.58,166899.53,1
12744.29,543.9,166874.71,1
0.0,250.0,166802.08,1
11109.07,4609.01,166744.66,1
10834.36,9941.32,166738.9,1
4257.71,5168.84,166721.68,1
7482.58,6835.09,166715.18,1
1720.99,6671.06,166638.67,1
8181.22,10306.45,166546.66,1
2708.44,8663.2,166533.38,0
0.0,250.0,166524.23,0
9059.43,5292.46,166499.56,1
10223.92,4489.46,166496.03,1
0.0,1064.93,166393.52,0
5827.16,9106.46,166355.13,1
4317.44,5579.86,166337.4,1
6058.88,9349.19,166241.27,1
4072.11,15349.94,166057.68,1
1838.08,3070.44,166048.64,0
7603.36,10400.39,166035.92,1
4633.98,5295.56,166031.45,1
7615.13,8109.45,165965.2,1
13687.19,250.0,165805.98,1
437.81,6628.6,165657.53,0
5861.4,7866.63,165611.02,1
6799.07,1729.94,165609.08,0
24256.68,16491.31,165583.68,1
3603.09,17264.3,165463.46,1
3752.65,6360.68,165361.72,1
174.98,258.75,165291.62,0
4536.29,13421.44,165236.71,1
10792.99,7088.81,165210.41,1
6171.45,1435.39,165122.05,0
5407.97,15842.29,165088.26,1
362.17,309.63,165064.07,1
10693.1,7491.99,165053.72,1
5343.63,7516.95,165040.27,0
0.0,1805.15,165006.36,0
1209.24,6661.23,164987.72,1
0.0,4509.11,164925.41,1
1746.53,2321.96,164900.47,1
5483.24,22446.62,164892.43,1
4748.99,4191.14,164815.0,1
6424.48,13328.46,164809.73,0
6921.98,7893.74,164792.74,1
602.25,11574.58,164759.66,0
2677.33,7349.61,164758.21,1
5809.74,4969.84,164732.3,1
10433.22,7698.9,164729.17,1
0.0,3283.12,164703.45,0
9257.5,9655.85,164702.67,1
2451.76,15296.51,164652.34,1
12017.25,5638.99,164650.88,1
8873.84,48775.53,164570.85,1
5699.49,5501.63,164555.78,1
5199.95,15315.33,164531.82,1
7159.45,13828.21,164525.69,1
271.21,321.71,164440.37,0
4123.51,4426.22,164396.85,1
8917.42,3996.51,164271.14,1
9121.71,4452.79,164270.87,1
5809.74,4714.65,164194.88,1
12496.99,5681.63,164154.75,1
0.0,1088.08,164152.28,0
8700.03,16591.29,164088.21,1
10815.57,4700.03,164079.92,1
4258.2,21535.37,164008.24,1
5211.23,2729.6,163961.31,1
8245.89,6406.15,163955.81,1
3531.17,15846.15,163931.27,1
2418.48,5417.96,163927.04,1
5753.24,5402.25,163912.4,1
3977.04,4475.04,163738.09,1
12829.11,6961.73,163697.94,1
10405.79,3909.72,163651.45,1
4029.98,5781.01,163591.69,1
2247.32,5132.03,163591.14,1
8945.83,5192.61,163581.66,1
1152.74,5232.0,163568.36,1
0.0,1745.58,163505.05,0
6280.28,5188.92,163475.21,1
0.0,725.0,163279.08,1
5311.07,7699.51,163182.32,1
1377.51,9092.59,163166.85,1
5216.33,5845.43,163096.32,0
5515.27,3080.95,163083.05,0
7606.53,6003.78,163052.7,1
2824.1,15439.64,162956.15,1
7405.09,15477.39,162915.39,1
7384.38,12429.18,162893.64,1
0.0,946.65,162882.25,1
6482.7,2414.65,162843.6,0
6660.17,8537.26,162810.33,1
12670.54,14791.3,162639.68,1
0.0,9572.12,162602.21,0
9219.1,11068.03,162575.53,1
6312.83,4472.72,162541.93,1
4957.77,7003.91,162534.13,1
2378.26,15092.28,162458.3,1
108.81,13513.48,162307.97,1
6832.56,5059.26,162202.51,1
10281.51,4967.13,162151.84,1
1226.44,8762.67,162044.25,1
0.0,3176.61,162039.4,1
4984.81,5079.67,162025.29,1
0.0,7275.55,161969.38,1
10222.82,16414.08,161877.13,1
6804.01,4186.58,161857.33,1
0.0,250.0,161849.99,0
7832.07,8578.14,161848.3,1
7195.27,7321.06,161772.59,1
6010.03,7388.23,161730.28,1
5559.71,5169.88,161586.45,1
16000.84,20404.78,161464.27,1
3751.14,14379.61,161432.31,1
7259.53,6548.26,161325.13,1
7532.17,20271.3,161325.08,1
8238.0,2617.58,161214.07,1
4782.47,5196.01,161148.13,1
462.16,8899.32,161122.09,1
6446.62,11998.34,160927.17,1
5269.24,5444.62,160881.48,1
678.75,453.63,160875.44,0
10229.51,5343.83,160867.5,1
0.0,30917.0,160859.08,1
1507.5,5483.33,160828.74,1
9063.16,3266.89,160775.4,1
4429.61,5194.16,160741.47,0
2516.33,2637.03,160702.15,1
9626.24,5158.56,160571.67,1
4004.39,4985.44,160548.57,1
12183.96,3993.51,160386.13,1
5868.25,6018.7,160351.44,1
3649.45,4726.85,160350.95,0
0.0,6928.75,160339.41,1
4706.4,3205.48,160313.94,1
3408.24,12079.14,160256.21,1
1173.2,6893.86,160149.34,1
6223.41,2811.51,160130.34,0
964.47,13822.5,160038.57,1
9450.55,12520.31,159883.81,1
2138.08,6856.38,159791.06,1
5463.74,11503.45,159789.05,0
5668.84,4695.31,159780.95,1
6429.85,20117.08,159713.57,1
7548.26,4162.06,159700.56,1
9574.41,15820.38,159675.43,1
4230.58,5234.95,159654.83,1
87.49,4862.82,159602.48,0
0.0,1475.0,159594.99,0
3908.31,17781.68,159457.14,1
5298.47,24590.32,159404.28,1
6515.75,6577.25,159314.16,1
0.0,16754.15,159287.52,1
1414.3,5193.52,159100.67,1
0.0,6408.23,159039.92,1
3994.31,2825.87,158859.46,0
3919.47,8643.13,158856.28,1
10074.56,5383.27,158749.68,1
4605.77,5250.59,158638.94,1
8504.37,5155.09,158632.2,1
3661.0,4878.2,158558.4,1
2401.26,4761.58,158529.19,1
8603.48,5289.46,158520.96,1
54152.12,6334.44,158478.34,0
8234.05,11482.68,158476.41,1
2839.93,3393.33,158454.85,1
6942.9,12579.83,158353.96,0
5290.72,3792.94,158316.52,1
1556.51,1258.44,158258.76,1
6695.48,5245.07,158231.31,1
659.85,250.0,158181.8,0
2191.32,7004.04,158153.4,1
5952.76,2847.35,158148.34,1
7145.55,7365.95,158106.67,1
0.0,250.0,158071.67,0
0.0,500.0,158071.39,0
5748.75,1884.26,158070.23,0
0.0,6724.14,158017.69,1
2258.98,4964.97,158011.77,1
4205.32,13303.98,157972.47,1
0.0,979.08,157915.37,0
3391.42,11173.75,157886.79,1
496.17,4988.45,157789.06,1
4846.16,5231.28,157729.88,1
0.0,250.0,157630.93,0
8299.28,19130.13,157533.1,1
5167.06,9986.76,157310.28,1
4251.2,29206.19,157220.24,1
0.0,250.0,157121.11,0
640.05,15171.46,156907.06,1
5051.81,10960.75,156774.91,1
6841.16,4448.74,156755.86,1
59031.54,874.0,156702.92,0
4229.32,4017.67,156702.54,1
4506.61,13222.24,156521.42,1
1718.26,3647.0,156453.51,1
1021.38,5344.83,156449.85,1
4146.84,4536.08,156439.23,1
5613.97,5254.35,156339.45,1
5779.21,4662.43,156298.8,1
0.0,5110.97,156273.28,1
2666.75,14568.96,156236.98,1
4935.87,21608.49,156179.58,1
1169.88,2772.27,156146.77,0
2314.28,3763.77,156124.83,1
0.0,1927.88,156055.53,1
5177.61,13443.23,155900.76,1
3627.65,17404.54,155870.05,1
0.0,0.0,155775.29,0
46929.98,6481.3,155763.58,0
3836.7,1484.14,155726.19,0
9461.47,4673.86,155627.47,1
3257.34,5375.56,155432.93,1
6559.37,14747.02,155432.08,1
1118.33,2347.32,155358.64,1
6283.95,1384.64,155345.17,0
5271.51,7109.35,155339.34,1
4040.97,14257.37,155043.9,1
5813.57,1918.31,155027.28,0
4108.41,735.58,154957.49,1
2009.03,7364.29,154955.36,0
51227.64,5807.52,154873.05,0
1242.9,1204.0,154770.93,0
44201.91,6226.07,154708.65,0
909.98,423.55,154680.87,1
0.0,359.06,154615.03,1
1008.42,4513.55,154605.11,1
3315.45,14407.21,154582.97,1
0.0,250.0,154468.29,1
0.0,250.0,154384.11,1
3399.62,4820.82,154361.78,1
4044.86,6572.03,154308.91,1
3279.66,4556.6,154260.44,1
0.0,21970.54,154216.28,1
7313.55,6781.13,154130.63,1
4537.94,17973.4,154032.2,1
6251.02,3812.08,153999.51,1
3712.06,7175.16,153997.22,1
1299.8,6028.67,153973.46,0
5678.87,4237.89,153968.87,1
0.0,1629.38,153966.91,1
3489.69,10973.25,153954.56,1
5079.87,17963.82,153919.54,1
8563.81,10833.06,153899.56,1
0.0,271.37,153896.93,0
4350.79,4656.43,153805.24,1
3300.83,57369.41,153794.11,1
5061.45,1487.85,153786.13,0
1153.17,2727.8,153748.45,1
4531.64,4684.82,153737.84,1
1739.14,10088.87,153680.17,1
1893.83,4586.04,153660.51,1
1312.47,12279.84,153620.12,1
1283.2,86300.98,153083.05,1
9225.25,5716.67,153045.87,1
2781.56,4044.6,152917.56,1
0.0,1000.0,152858.87,0
3244.32,5537.3,152737.34,1
3485.65,4573.94,152550.07,1
4145.2,5724.78,152529.01,1
0.0,588.43,152518.31,1
1305.05,1094.77,152514.97,0
1414.92,9961.59,152472.33,1
2226.43,5617.85,152264.05,1
1994.3,2571.57,152258.76,1
9128.94,7305.3,152200.16,1
6064.04,15047.44,152041.41,1
2733.98,3854.06,151960.48,1
5190.07,4453.66,151918.11,1
6882.13,3998.23,151896.63,1
13371.66,17206.0,151833.34,1
4061.24,250.0,151609.89,1
0.0,250.0,151602.58,1
45109.93,5466.55,151598.86,0
4441.2,1791.02,151580.59,0
10189.08,24885.55,151536.15,1
3377.31,8184.24,151441.22,1
0.0,10816.02,151408.64,1
4715.4,24455.77,151119.79,1
1559.83,14929.94,151066.46,1
2885.04,5042.09,151035.19,1
5719.76,5858.48,150995.64,1
7106.05,1645.66,150990.24,1
0.0,2422.85,150895.16,0
439.3,6299.55,150863.91,1
4184.11,5142.07,150773.93,1
4529.26,4967.86,150727.79,1
0.0,2086.34,150693.53,1
0.0,34673.46,150567.29,1
19895.67,15986.66,150455.38,1
0.0,250.0,150297.3,1
0.0,2902.07,150238.0,1
6639.47,18847.03,149890.18,1
6081.95,3160.04,149869.96,1
106.81,7499.17,149740.27,1
0.0,1266.4,149642.65,1
0.0,484.13,149621.98,1
7179.31,2627.24,149592.51,1
592.34,9517.01,149491.12,1
0.0,850.0,149391.38,0
4887.74,6886.23,149385.12,1
4284.84,15290.32,149276.36,1
3329.41,5528.96,149256.22,1
39013.66,6024.06,149240.36,0
4349.63,4917.05,149036.89,1
9065.54,15402.01,148996.84,1
6390.97,17978.69,148719.15,1
10052.1,5557.65,148578.15,1
7996.02,3540.29,148530.12,1
0.0,3930.71,148434.61,1
3894.32,4794.56,148369.52,1
4643.21,10664.25,148292.0,1
3540.24,5370.81,148227.21,1
3322.48,4347.87,147934.36,1
4730.45,4249.16,147708.3,1
15923.31,6198.97,147622.27,1
4379.4,12366.49,147487.85,1
0.0,277.19,147360.69,0
2916.33,17396.3,147322.35,1
3064.39,13177.09,147287.68,1
0.0,4423.85,147058.95,1
1526.94,20725.12,146963.13,1
5602.62,5212.17,146792.62,1
4346.09,8114.58,146670.53,0
623.0,1150.0,146666.5,1
15709.46,18074.81,146638.12,1
11801.21,4255.42,146537.27,1
4069.43,9847.89,146339.96,1
2601.63,10464.38,146185.84,1
0.0,1325.0,145949.98,1
40261.31,7206.61,145644.53,0
0.0,3770.56,145641.62,1
34616.62,6631.64,145620.41,0
6006.29,6261.88,145610.11,1
752.85,11439.9,145602.93,0
14335.1,4148.47,145518.07,1
7540.97,5313.34,145503.59,1
41561.06,5934.01,145373.08,0
5344.33,3176.03,145346.98,1
0.0,417.88,145324.94,1
33334.39,7279.88,145022.95,0
3690.8,3477.02,144961.62,1
2814.9,1740.34,144771.01,1
2242.36,4488.65,144726.62,1
6302.3,441.18,144722.25,1
9884.34,5417.56,144534.16,1
6466.69,2668.97,144508.31,1
5161.28,1310.78,144485.23,1
1571.55,403.39,144217.8,1
4491.08,4886.03,143864.93,1
2282.4,2567.64,143791.72,1
40362.7,5451.19,143609.9,0
1753.13,4730.29,143573.85,1
22254.15,6987.88,143247.05,1
628.19,1479.88,143195.96,1
4195.55,41869.58,143161.78,1
1706.52,20217.09,142365.18,1
0.0,2907.58,142351.18,1
6423.3,14237.06,142272.62,1
2652.6,2020.04,142157.68,1
3391.26,3192.38,142073.86,1
1153.17,12397.12,142068.5,1
11249.07,6801.65,141893.32,1
10394.75,6812.29,141592.06,1
5806.32,19115.14,141377.57,1
10362.67,5348.24,141281.19,1
0.0,5858.25,141004.03,1
37479.66,5596.95,140905.97,0
4762.29,4074.73,140891.31,1
31211.66,5402.0,140720.01,0
0.0,1915.15,140656.19,1
4708.69,3721.55,140571.63,1
2193.3,1766.39,140507.59,1
2847.56,16225.45,140395.35,1
22857.93,250.0,140269.67,1
3621.87,4719.56,140191.66,1
6892.72,17668.95,140140.28,1
0.0,725.0,140113.0,1
0.0,0.0,139980.55,1
5888.27,11109.82,139919.17,1
54.99,4282.01,139909.59,1
3069.13,2288.41,139861.4,1
1904.02,7349.25,139858.39,1
8436.71,14932.41,139672.92,1
0.0,250.0,139381.6,1
29506.38,6978.7,139354.9,0
4147.3,3588.18,139208.22,1
0.0,41.37,139158.74,1
30250.1,5479.12,139138.26,0
4643.38,18824.6,139087.34,1
35711.73,5847.15,139076.89,0
0.0,6590.73,138981.59,1
0.0,806.24,138972.02,1
5032.33,2378.58,138924.48,1
40898.8,876.1,138893.2,0
8976.02,18243.59,138837.03,1
3934.35,926.96,138757.89,1
2510.35,18983.03,138617.13,1
5346.67,12516.04,138610.53,1
4814.48,10195.25,138562.81,1
13323.05,2282.44,138485.72,1
7943.67,11782.55,138420.55,1
68.74,5234.57,138239.17,1
0.0,119.72,138221.92,1
27384.65,6474.6,138195.92,0
33918.53,5411.33,138111.3,0
844.83,250.0,138085.21,1
0.0,250.0,137962.85,1
5888.9,4273.9,137690.2,1
8220.11,1566.44,137600.29,1
32764.39,6913.47,137275.21,0
0.0,1364.44,137255.46,1
4478.62,12464.62,137145.92,1
3737.46,5144.77,137137.1,1
39217.83,874.0,136883.37,0
4703.1,4373.97,136851.21,1
2439.41,18586.41,136789.92,1
31801.14,6945.29,136609.91,0
6393.42,17108.88,136366.66,1
25001.93,6917.57,136353.93,0
0.0,722.62,136336.59,1
5224.11,5611.21,136285.36,1
15054.07,6801.29,136137.12,1
10299.79,17473.06,136111.05,1
0.0,8275.92,136095.24,1
3537.74,4332.11,135909.44,1
3157.48,5119.0,135844.5,1
32071.22,5817.62,135765.38,0
6425.49,15534.63,135326.16,1
2931.04,21993.09,135218.29,1
0.0,1664.0,135159.96,0
2620.94,10890.49,134767.31,1
0.0,7102.11,134737.34,1
6117.01,3380.37,134649.13,1
7032.66,5131.89,134632.29,1
7015.11,5262.89,134558.32,1
27337.22,6556.64,134479.05,0
3595.18,15873.38,134401.88,1
6962.49,10552.8,134210.81,1
0.0,1034.29,134169.92,1
1660.96,6493.34,134153.01,1
0.0,2271.76,133917.08,1
28771.14,6906.67,133792.98,0
20.98,250.0,133777.96,1
0.0,250.0,133586.26,1
2131.84,4537.32,133547.56,1
0.0,6239.2,133528.77,1
30115.76,5580.67,133518.95,0
29980.92,5667.34,133493.38,0
6809.19,17489.87,133255.97,1
2542.96,4737.08,133154.2,1
0.0,9249.98,133151.73,1
2911.93,10113.54,133145.11,1
0.0,1125.0,133132.11,1
2556.97,11432.58,133104.24,1
29399.68,5783.9,133052.79,0
5214.43,3137.52,132949.71,1
356.27,8094.21,132710.08,1
492.71,31749.67,132461.69,1
29248.1,5409.48,132445.55,0
0.0,3283.3,132429.1,1
2999.97,6083.34,132421.1,1
0.0,3768.63,132345.27,1
34669.37,874.0,132340.75,0
0.0,250.0,132312.39,1
6137.39,44794.11,132219.53,1
0.0,331.5,132098.29,1
0.0,448.32,132063.58,1
0.0,1375.0,131970.47,1
0.0,14307.66,131946.69,1
19767.74,7493.96,131750.79,0
0.0,0.0,131729.43,1
0.0,4805.44,131673.73,1
3745.17,4112.09,131552.64,1
36931.66,250.0,131379.73,1
27388.32,1503.37,131173.07,0
27943.68,250.0,131171.03,0
0.0,5768.42,130932.96,1
18894.42,7372.68,130799.68,0
8541.97,12930.98,130750.93,1
0.0,2543.45,130735.92,1
2789.1,21023.79,130573.24,1
21004.22,5373.1,130474.06,0
5003.55,3162.28,130463.5,1
1357.34,6058.13,130446.46,1
4746.98,4611.47,130117.3,1
6683.91,33815.86,130035.01,1
32144.83,874.0,129813.29,0
2214.0,1487.49,129790.5,1
18637.28,6610.0,129614.29,0
5371.0,3394.82,129509.11,1
26243.06,250.0,129470.41,0
394.07,19565.87,129302.05,1
7881.89,7656.41,129197.2,1
25928.15,5217.88,128866.72,0
25626.65,250.0,128850.89,0
828.13,13861.37,128755.32,1
5567.72,11806.25,128750.5,1
25245.79,5641.5,128724.62,0
7898.38,11729.53,128648.33,1
24863.68,5721.92,128438.88,0
29236.37,1555.99,128156.52,0
2589.39,2492.15,128072.02,1
12458.02,12203.77,128033.58,1
1838.32,7010.92,127939.77,1
24707.91,250.0,127935.27,0
0.0,1325.0,127866.16,1
4180.12,8830.4,127769.61,1
30007.17,874.0,127675.63,0
15814.87,7160.1,127462.54,0
25064.15,4488.83,127126.12,0
21225.58,2396.23,127068.0,0
21767.32,7090.19,127012.39,0
29324.63,874.0,126996.01,0
3964.22,7530.25,126202.22,1
2759.95,3934.05,126189.72,1
28769.0,978.5,126189.24,0
1384.69,11726.69,125839.02,1
2319.05,5768.47,125797.86,1
5521.55,12344.37,125766.54,1
0.0,1100.0,125706.55,1
22102.89,5594.31,125526.63,0
0.0,1160.58,125427.41,1
0.0,3248.04,125417.12,1
8135.21,8635.39,125382.59,1
22034.47,5499.96,125342.72,0
150.86,2382.36,125196.14,1
13619.85,6858.66,124900.72,0
20888.26,874.0,124875.92,0
12731.16,7481.33,124769.16,0
5610.79,362.91,124429.29,1
21189.61,5394.32,124371.03,0
2267.28,20368.48,124313.63,1
0.0,250.0,124283.38,1
6398.46,16629.03,124212.38,1
22317.57,5471.38,124131.43,0
20750.37,1596.59,124105.44,0
2895.54,14174.72,124085.82,1
6910.24,12472.13,123773.44,1
6465.87,14479.82,123720.03,1
13305.02,6008.87,123563.68,0
22863.48,4533.83,123260.63,1
4008.96,4709.89,123177.4,1
24001.61,6194.77,123124.48,1
0.0,1300.0,123056.28,1
4987.93,14848.92,122798.97,1
25091.14,874.0,122762.55,0
0.0,1738.71,122643.47,1
8637.53,15479.13,122632.54,1
0.0,23.35,122528.22,1
72.91,17050.84,122359.68,1
21210.99,4818.21,122357.29,0
8039.51,3601.21,122049.22,1
22523.87,2294.0,121925.09,0
3399.37,19068.95,121909.43,1
4011.87,3801.83,121838.8,1
0.0,2182.62,121786.08,1
17526.96,1532.1,121607.81,0
692.25,1592.32,121605.58,1
814.95,16580.59,121564.41,1
18020.79,5726.37,121495.45,0
3815.92,13823.79,121412.52,1
4047.31,3915.56,121319.92,1
16584.72,7034.51,121264.88,0
40145.5,4058.7,121202.89,1
17378.93,5868.57,121132.1,0
17928.86,250.0,121119.04,0
0.0,1993.7,120973.94,1
16375.51,1670.0,120943.54,0
11112.04,5609.29,120848.05,0
22816.78,874.0,120485.24,0
1861.45,2718.42,120362.44,1
3627.72,15665.32,120312.49,1
2346.67,4438.1,120228.0,1
20588.9,6369.04,120061.5,1
16503.87,5705.96,120057.09,0
365.29,10025.57,119949.37,1
0.0,13261.98,119881.89,1
0.0,1350.0,119851.02,1
10512.54,18766.8,119842.49,1
7772.33,7454.37,119777.6,0
2203.84,7799.74,119696.55,1
0.0,1720.01,119604.38,1
29101.02,4620.06,119600.55,0
21853.21,874.0,119524.59,0
0.0,3675.11,119448.35,1
9197.28,6016.08,119441.64,0
15349.3,1376.97,119258.04,0
2858.72,1579.91,119119.29,1
8283.69,4520.65,119079.54,1
3333.5,16416.68,119045.7,1
0.0,975.0,119026.98,1
15266.34,5849.13,118996.13,0
0.0,296.89,118970.43,1
5165.24,5040.19,118949.44,1
21006.72,873.63,118617.96,0
1225.88,8419.23,118609.8,1
3680.25,14322.43,118596.96,1
2840.23,3789.85,118593.39,1
15308.0,250.0,118535.35,0
6212.47,6917.85,118427.81,0
15800.2,5532.61,118302.53,0
1188.78,3292.09,118177.85,1
44.51,1533.28,118054.15,1
14319.82,5807.67,117995.96,0
5302.28,13109.29,117974.35,1
8596.44,7405.08,117930.7,1
4133.54,15184.25,117841.68,1
13963.47,758.8,117811.37,0
1972.03,16030.8,117804.04,1
6792.35,6632.24,117795.99,0
15811.15,4376.41,117764.76,0
14052.3,5745.23,117656.5,0
0.0,9260.88,117612.27,1
320.19,250.0,117592.63,1
5126.42,10348.9,117405.39,1
3313.73,12081.38,117366.0,1
23168.08,2345.44,117171.0,1
0.0,9388.57,117107.74,1
0.0,2350.07,116902.46,1
14481.6,5530.97,116840.91,0
2612.83,10887.36,116826.96,1
6801.22,5917.25,116758.59,1
722.46,10295.25,116737.22,1
1517.76,12646.93,116706.06,1
7450.96,6506.95,116426.96,1
12994.68,5604.46,116424.82,0
0.0,0.0,116260.72,1
4864.57,6946.86,116252.76,0
0.0,15574.71,116241.36,1
0.0,766.09,116172.95,1
3144.64,17265.96,116135.93,1
19876.0,949.43,116010.42,1
3819.21,27942.51,116003.37,1
12159.81,11154.31,115893.9,1
15736.38,6699.65,115881.58,0
4589.48,6744.54,115782.15,0
3800.66,6721.07,115753.36,0
10708.42,6881.63,115699.01,0
6551.42,4723.18,115653.57,1
0.0,109.98,115565.15,1
4713.49,2418.92,115530.45,1
12074.96,317.35,115387.86,0
13002.79,835.1,115320.67,0
2365.93,4474.25,115133.72,1
0.0,3498.1,115075.43,1
18432.52,5177.96,114991.0,0
0.0,1073.08,114870.27,1
3853.16,6705.4,114784.84,0
0.0,974.73,114604.71,1
4307.75,5357.94,114587.22,0
4761.22,5619.48,114531.54,0
16839.21,874.0,114510.62,0
5733.64,4837.38,114458.83,0
4044.86,5774.17,114380.16,1
4803.29,9962.56,114292.56,1
0.0,65.76,114270.11,1
240.04,3799.58,114232.66,1
9700.49,3562.8,114160.52,1
3443.49,10630.92,114131.01,1
10763.94,4942.23,114103.78,0
6110.35,5246.77,114094.12,1
3617.21,5224.78,113953.86,1
475.12,5219.82,113750.94,1
4693.68,4351.31,113749.13,1
775.35,0.0,113746.69,1
6836.75,6320.02,113735.8,0
3104.3,3161.09,113566.35,1
2503.12,6815.66,113524.1,1
3831.14,4346.91,113436.99,1
9442.79,874.0,113430.45,0
0.0,3104.46,113377.41,1
3938.91,5205.2,113238.96,0
0.0,14594.39,113234.33,1
7360.59,12163.53,113072.84,1
15390.3,874.0,113058.76,0
247.89,5219.83,112970.4,1
6237.17,6327.22,112881.3,1
3651.07,5131.95,112827.14,0
8533.23,414.09,112780.5,0
1260.85,4709.09,112766.98,1
3995.77,15850.61,112729.98,1
2260.85,3343.28,112697.1,1
14986.14,874.0,112657.54,0
4599.78,4203.29,112646.0,1
2670.93,5342.64,112619.03,0
875.7,7686.62,112485.51,1
5737.3,5004.9,112450.62,1
84.94,2334.64,112310.11,1
2906.98,3010.49,112252.96,1
9001.08,5408.0,112194.2,0
0.0,1461.12,112142.11,1
10983.79,3694.28,112099.1,0
2701.77,5282.36,112061.38,0
6260.96,5094.82,111954.06,0
9901.64,1363.87,111948.0,0
0.0,1494.78,111756.52,1
16490.58,1790.0,111742.85,0
6205.0,22933.37,111740.76,1
13950.23,874.0,111618.69,0
0.0,18100.12,111524.33,1
7530.77,874.0,111518.43,0
1954.64,1862.05,111480.25,1
8059.12,11796.45,111352.34,1
3289.89,2817.45,111273.66,1
6332.45,1925.37,111228.07,0
0.0,3040.09,111062.22,1
2643.41,1140.94,110922.47,0
4559.39,2306.84,110892.35,1
0.0,2942.05,110813.27,1
1247.13,2811.91,110774.25,1
6596.92,0.0,110709.15,0
0.0,5022.93,110707.97,1
13043.92,873.85,110691.85,0
1300.84,4319.68,110589.91,1
13303.59,250.0,110552.69,0
3201.12,6526.98,110509.43,0
1085.78,6127.24,110477.72,1
803.08,1468.04,110406.65,1
9720.8,2876.71,110322.87,1
7066.36,5411.3,110259.28,0
1631.68,18156.69,110245.84,1
0.0,250.0,110244.53,1
6909.48,250.0,110139.94,0
2752.34,11886.09,110058.62,1
753.91,5690.36,109917.25,1
5912.7,835.6,109853.77,0
7261.92,2601.84,109544.85,0
0.0,250.0,109521.92,1
5448.24,874.0,109435.91,0
11720.93,874.0,109392.31,0
4557.94,1515.62,109312.07,0
3290.62,4581.81,109303.8,0
8477.88,4915.54,109247.77,1
0.0,3124.08,109161.1,1
1377.06,3814.47,109008.2,0
10984.75,836.19,108720.32,0
3523.63,1441.85,108714.38,0
0.0,15338.71,108704.71,1
10816.37,874.0,108484.83,0
7179.43,8024.13,108446.42,1
230.56,18968.18,108426.03,1
2565.98,14111.02,108379.54,1
2652.92,2294.0,108371.31,0
4690.53,5767.93,108325.92,0
0.0,2802.91,108257.11,1
10094.4,1210.56,108174.11,0
4181.57,874.0,108172.37,0
12947.3,857.1,108013.51,0
6249.33,1106.09,107938.21,0
0.0,12146.98,107904.69,1
10192.9,1790.36,107877.71,0
3615.74,3074.58,107809.83,1
4474.51,5507.24,107778.53,0
10045.88,874.0,107717.26,0
4112.39,5702.08,107663.54,0
4246.5,5506.24,107561.72,0
4277.78,5475.32,107557.01,0
6297.06,13235.97,107524.78,1
0.0,1154.93,107501.67,1
9811.95,874.0,107477.49,0
0.0,6868.47,107422.29,1
0.0,22048.08,107403.77,1
2673.17,9816.87,107374.37,1
716.98,2818.5,107339.23,1
9644.78,874.0,107313.24,0
4353.01,6753.47,107235.72,1
1057.23,13330.24,107219.41,1
0.0,3842.16,107203.4,1
1199.34,8189.65,107178.7,1
9894.15,871.6,107174.71,0
3828.43,5491.13,107088.34,0
2999.12,1525.05,106983.92,0
3781.2,250.0,106960.77,0
9230.4,874.0,106898.86,0
0.0,7.75,106832.63,1
1260.85,3321.66,106828.01,1
0.0,51.7,106704.95,1
4327.2,5687.91,106594.02,0
10930.62,1777.64,106456.5,0
1731.41,1381.07,106347.97,0
438.91,14084.71,106331.93,1
8961.85,871.67,106269.48,0
0.0,3201.53,106241.05,1
4150.95,610.89,106203.72,0
0.0,4320.34,106092.15,1
790.74,12098.29,106033.37,1
3062.09,4368.96,105913.13,1
120.01,3328.0,105905.23,1
10006.06,4319.89,105563.75,0
0.0,15048.06,105467.94,1
63.67,13283.64,105444.17,1
0.0,467.63,105349.9,1
0.0,1987.48,105346.96,0
78.36,3531.2,105244.94,1
0.0,4272.92,105194.76,1
0.0,348.2,105189.75,1
0.0,3627.09,105077.75,1
15444.43,3676.51,104997.99,0
6324.12,4224.05,104972.35,1
0.0,852.08,104958.39,1
1687.6,5470.87,104955.48,0
1609.52,250.0,104840.02,0
7459.32,3112.92,104784.19,1
6132.92,2133.36,104776.13,0
0.0,1712.35,104734.48,0
1259.59,3941.12,104692.6,1
0.0,1025.0,104584.69,1
0.0,1269.56,104527.38,0
1731.0,618.18,104513.81,0
871.8,796.6,104390.96,0
5679.09,3497.65,104314.64,1
960.12,13458.74,104289.39,1
0.0,1045.7,104199.14,0
4091.44,15125.83,104133.86,1
3443.05,257.42,104126.09,1
0.0,0.0,104115.36,0
0.0,874.0,103990.84,0
0.0,874.0,103990.81,0
0.0,874.0,103990.8,0
0.0,874.0,103990.8,0
5108.54,3006.79,103974.74,1
1119.26,2181.53,103953.62,1
0.0,824.0,103940.8,0
4817.58,7309.57,103910.47,1
1861.57,2694.87,103901.62,0
2920.27,4922.27,103851.85,1
0.0,2385.2,103829.05,0
2111.46,4164.67,103728.55,1
2102.18,5551.23,103613.23,0
1957.77,3193.05,103573.44,1
17801.28,3442.32,103512.14,1
2996.18,1907.88,103314.79,1
0.0,12830.46,103297.61,1
0.0,735.24,103233.15,0
0.0,207.23,103042.91,0
4601.08,757.43,103041.31,0
6634.49,865.48,102976.07,0
9976.13,3121.01,102774.95,1
5131.8,873.78,102768.29,0
13031.34,5298.19,102626.56,1
856.87,2652.13,102579.54,1
0.0,500.0,102533.16,1
1551.85,250.0,102445.72,0
4768.99,874.0,102434.53,0
3376.32,13963.27,102371.31,1
0.0,14886.43,102303.11,1
1899.0,11738.03,102235.09,1
0.0,14620.44,102185.47,1
7112.14,5972.28,102109.83,1
4428.95,874.0,102097.41,0
10837.33,11934.2,101994.22,1
1635.87,5764.38,101982.32,1
2481.0,2294.0,101883.13,0
0.0,4324.93,101674.46,1
3966.7,874.0,101638.08,0
1202.17,16207.56,101637.25,1
0.0,859.6,101636.98,0
16538.99,4811.69,101508.97,0
3140.33,4946.29,101357.03,1
6012.68,6406.85,101325.42,1
4351.8,2079.6,101251.49,0
11880.49,250.0,101244.46,0
3546.45,874.0,101217.83,0
5855.4,10439.02,101142.03,1
3416.1,874.0,101084.57,0
3257.34,4502.67,100968.83,1
15003.14,3223.61,100882.46,1
7817.2,15545.21,100856.01,1
3175.2,874.0,100840.74,0
3175.2,874.0,100840.74,0
3164.1,874.0,100832.56,0
0.0,4605.27,100801.83,1
0.0,1445.53,100748.12,1
2278.04,4843.0,100573.08,1
1779.9,4280.03,100230.9,1
0.0,3176.06,100162.43,1
0.0,14037.99,100105.55,1
2384.7,874.0,100056.08,0
2373.6,874.0,100044.99,0
2373.6,874.0,100044.99,0
1132.0,842.8,99989.36,0
7533.13,924.29,99959.34,0
0.0,799.44,99847.66,0
0.0,250.0,99744.93,1
2122.0,6285.89,99644.24,1
6438.46,4673.1,98753.28,1
0.0,1589.6,98609.66,1
4246.64,10972.22,98483.2,1
16825.43,3229.44,98425.42,1
0.0,686.49,98290.68,1
0.0,12503.55,97954.12,1
381.75,456.19,97916.3,0
1599.55,6306.73,97915.17,1
9083.5,11021.53,97785.21,1
19039.69,4541.7,97760.03,1
0.0,0.0,97737.94,1
2818.97,6014.08,97723.96,1
0.0,874.0,97671.38,0
0.0,1734.0,97417.69,1
0.0,108.78,97338.23,1
2556.41,2370.42,97317.3,1
2238.52,2229.26,97290.3,1
3835.35,846.19,97262.93,0
0.0,8225.65,97225.92,1
558.0,1032.94,97147.23,0
0.0,779.82,96479.41,0
0.0,13073.39,96337.56,1
3580.35,841.49,96205.15,0
0.0,250.0,95803.94,1
421.83,5329.15,95767.38,1
4259.36,5149.34,95752.41,1
4523.03,11401.86,95732.21,1
10764.09,5080.99,95641.1,1
2666.23,843.5,95580.19,0
0.0,13493.51,95564.23,1
2380.95,844.44,95427.47,0
5532.58,1131.54,95342.83,1
2070.49,7360.71,95313.32,1
3840.0,624.0,95215.88,0
4864.33,2843.08,95199.97,1
0.0,1146.53,95145.83,1
3459.13,672.71,95103.17,0
4709.22,3299.91,94837.58,1
5913.79,12146.52,94723.12,1
2589.33,5777.03,94699.92,0
0.0,9760.13,94643.42,1
1841.7,4488.51,94600.01,1
426.15,0.0,94574.5,1
81.28,370.65,94335.66,0
1126.72,13545.62,94088.18,1
3021.79,5808.41,94068.72,1
426.0,987.95,94057.73,1
7465.12,3339.81,93982.46,1
3826.44,10589.04,93956.62,1
0.0,12998.48,93739.03,1
1231.87,4929.3,93661.19,1
0.0,1287.23,93600.55,1
1579.73,6548.38,93498.74,1
0.0,9610.4,93490.06,1
6248.92,2871.55,93363.96,1
8651.0,1651.86,93309.67,1
3404.1,562.93,93166.27,1
1557.68,12711.93,93162.71,1
1166.92,12311.67,93038.21,1
1762.39,12348.02,92841.45,1
0.0,0.0,92807.28,1
1921.08,11062.58,92754.76,1
0.0,10250.72,92682.24,1
2373.75,28516.36,92594.36,1
842.36,1150.0,92548.19,1
2935.76,12290.84,92440.36,1
225.49,340.41,92284.33,1
435.9,552.12,92259.59,1
363.6,63.58,92077.16,0
19.53,1236.53,91948.93,0
1485.64,4433.64,91895.06,0
2840.25,250.0,91746.77,1
0.0,432.76,91689.56,1
170.13,5013.8,91328.38,1
4614.66,19.38,91168.62,1
12171.87,2386.79,91157.94,1
2234.78,3031.67,90992.64,0
226.83,3370.97,90862.99,1
2768.34,250.0,90786.08,1
2604.68,4444.7,90646.11,1
2123.12,4047.48,90629.34,1
0.0,11434.61,90395.31,1
437.37,4518.17,90362.91,1
0.0,3027.48,90322.82,1
1072.99,3199.38,90271.54,1
0.0,11440.31,90112.03,1
6646.68,250.0,90006.1,1
1052.28,11602.66,90000.62,1
1054.52,8521.82,89955.18,1
895.42,12379.06,89893.56,1
1302.53,12036.28,89757.79,1
4718.89,5193.12,89725.06,1
1822.4,4081.19,89538.11,0
4024.67,874.0,89334.5,0
14973.05,8704.11,89313.63,1
236.88,1739.32,89199.83,1
4475.98,6346.62,89082.02,1
0.0,299.79,88992.31,1
8989.86,15255.2,88828.95,1
7556.78,5015.78,88739.53,1
0.0,10984.28,88023.41,1
1606.24,14259.24,87910.21,1
0.0,4116.36,87771.6,1
664.65,1624.0,87715.0,0
0.0,12167.52,87646.21,1
0.0,2392.88,87582.98,1
0.0,13786.05,87513.14,1
2755.47,4440.3,87504.81,0
0.0,200.0,87422.5,1
0.0,296.7,87357.27,1
2950.04,1716.78,86958.68,0
2480.32,1993.05,86946.28,1
0.0,2740.57,86661.04,1
0.0,1959.8,86194.27,1
930.75,344.95,85757.1,1
1053.23,2054.1,85581.94,1
6665.41,552.45,85490.63,1
247.16,2188.74,85457.23,1
0.0,299.23,85453.19,1
2247.14,3446.42,85247.2,1
0.0,618.75,85113.84,0
0.0,0.0,85071.48,0
1628.24,2633.99,85062.37,1
5491.01,4561.41,85052.87,1
3545.28,2494.87,84983.5,1
0.0,20598.8,84820.47,1
7675.43,3501.25,84784.64,1
7075.48,4623.75,84471.2,0
15064.88,2811.64,84464.64,1
0.0,10211.94,84089.1,1
1682.51,11485.75,84046.11,1
1538.96,3632.89,83858.83,1
1748.43,6840.87,83713.96,1
0.0,250.0,83633.49,1
5629.73,10200.56,83582.85,1
775.35,2358.44,83554.41,1
2087.25,324.52,83426.11,1
1626.98,8272.85,83220.64,1
0.0,11955.49,83052.73,1
0.0,0.0,83017.26,1
0.0,6382.9,82918.16,1
3870.62,3695.21,82692.62,1
1130.59,27.66,82614.52,0
0.0,11181.9,82114.31,1
2407.5,755.38,81845.55,1
752.85,1971.66,81797.18,1
1651.34,9443.2,81747.75,1
0.0,10336.5,81634.55,1
67.7,11772.02,81619.37,1
0.0,1440.6,81504.89,1
0.0,3510.24,81099.58,1
2149.59,4166.86,80401.05,1
0.0,8463.22,80348.04,1
0.0,1272.34,80277.58,1
2721.16,286.77,80226.04,1
0.0,2250.68,80136.65,1
10019.31,23293.94,80004.84,1
2267.58,5581.68,79757.41,1
0.0,4684.37,79720.93,1
0.0,700.0,79416.09,1
0.0,0.0,79252.52,1
0.0,10870.17,79066.63,1
3460.51,7876.33,78937.8,1
701.61,0.0,78763.72,1
3341.41,2287.9,78655.75,1
76.4,10286.76,78425.22,1
0.0,3087.53,78095.6,1
0.0,23008.5,78000.29,1
0.0,6550.41,77957.9,1
3307.79,2286.95,77879.37,1
50.29,1868.27,77834.88,1
0.0,406.2,77699.7,1
3790.18,10412.18,77659.49,1
0.0,650.0,77615.76,1
189.23,250.0,77556.45,1
6815.67,9041.21,77513.69,1
0.0,10002.92,77489.36,1
0.0,826.31,77178.51,1
0.0,4920.07,77164.55,1
0.0,684.83,77126.25,1
0.0,10066.47,77071.72,1
0.0,0.0,77068.82,1
2748.15,2354.4,77043.51,1
183.56,0.0,76989.54,1
0.0,0.0,76846.82,1
820.15,5984.72,76798.87,1
0.0,0.0,76792.42,1
62.94,21.34,76660.02,1
4779.63,9085.47,76187.15,1
9053.53,3574.33,76176.34,1
0.0,9400.98,76097.18,1
8538.44,5078.67,75642.65,1
9968.07,952.54,75584.58,1
2085.25,2608.34,75534.23,1
1550.87,10242.18,75513.67,1
10534.19,67.24,75408.38,1
1018.65,3688.53,75284.22,1
1439.78,9930.27,75277.23,1
0.0,900.7,75218.04,1
106.81,8377.31,75077.62,1
0.0,3715.06,75001.38,1
0.0,3255.72,74801.24,1
0.0,2095.93,74570.08,1
3477.64,2523.96,74405.28,1
0.0,3316.4,74400.63,1
0.0,8868.26,74320.06,1
131.82,10395.32,74235.13,1
1628.24,2119.8,74217.38,1
1486.54,10114.54,74189.11,1
2982.55,9486.75,74101.05,1
0.0,0.0,74034.81,1
2766.77,8483.33,73918.52,1
490.23,2107.33,73743.03,1
1672.1,3941.97,73506.74,1
6319.11,510.1,73479.57,1
0.0,2068.93,73462.83,1
0.0,938.12,73345.92,1
0.0,425.0,73224.5,1
0.0,2957.66,73111.09,1
424.73,15726.3,72985.7,1
0.0,3445.03,72975.56,1
1225.88,7144.25,72922.01,1
0.0,600.0,72850.56,1
2163.99,3701.9,72848.28,1
0.0,8579.46,72804.16,1
160.3,7852.94,72595.31,1
3653.7,3168.32,72318.81,1
0.0,1738.26,72277.45,1
3951.62,7007.35,72166.08,1
0.0,1420.87,72135.81,1
871.59,3388.26,72096.58,1
3842.0,7043.86,71994.02,1
0.0,0.0,71855.36,1
2509.41,7838.18,71789.18,1
0.0,9375.7,71786.84,1
0.0,1790.66,71743.23,1
465.22,5282.11,71695.78,1
4020.45,1342.1,71552.55,1
0.0,0.0,71551.01,1
0.0,375.0,71539.63,1
0.0,2740.6,71459.92,1
2259.8,1160.89,71426.76,1
0.0,0.0,70719.52,1
0.0,9857.01,70670.8,1
0.0,227.71,70518.57,1
8400.59,1299.29,70388.03,1
2994.98,3720.4,70384.45,1
0.0,9668.07,70235.02,1
0.0,8673.66,70110.42,1
0.0,4050.17,69956.39,1
3120.55,7599.68,69930.23,1
0.0,3298.56,69919.52,1
4266.75,291.95,69859.8,1
481.23,7099.11,69758.45,1
2687.91,2087.3,69723.31,1
3851.22,7287.98,69715.12,1
0.0,9594.29,69669.75,1
0.0,6512.48,69618.92,1
0.0,4361.73,69577.28,1
2093.46,6872.31,69461.56,1
2422.99,4367.99,69433.96,1
2864.79,6577.57,69392.94,1
1037.1,0.0,69387.43,1
0.0,6289.09,69323.93,1
0.0,0.0,69226.5,1
1958.84,2779.65,68976.26,1
5125.56,1676.82,68972.41,1
4541.32,250.0,68956.76,1
0.0,5580.65,68776.08,1
3167.82,2814.19,68748.8,1
0.0,8779.06,68333.59,1
0.0,8608.73,68248.04,1
125.89,575.0,68013.87,1
1284.7,3188.49,67843.29,1
239.93,9081.01,67763.53,1
2631.35,1605.36,67740.69,1
5223.12,11438.28,67719.89,1
2460.23,11568.48,67705.66,1
0.0,9781.1,67652.0,1
0.0,870.0,67458.08,1
0.0,8386.1,67275.94,1
1496.62,4162.18,67264.3,1
1677.3,250.0,67262.84,1
0.0,3186.18,67200.15,1
1812.39,142.14,67114.61,1
1582.28,776.38,66998.17,1
6901.79,1947.74,66913.1,1
3440.62,1679.82,66747.41,1
0.0,457.17,66737.25,1
0.0,2113.07,66696.42,1
975.15,944.75,66601.24,1
3930.28,2726.93,66592.16,1
6103.38,3381.32,66483.49,1
0.0,4260.22,66431.13,1
0.0,3460.29,66343.29,1
0.0,37436.88,66261.74,1
0.0,0.0,66100.72,1
0.0,3707.24,66081.85,1
0.0,753.46,66009.93,1
0.0,1944.25,65970.42,1
0.0,7069.94,65690.16,1
3075.45,8780.33,65657.73,1
0.0,8135.99,65499.46,1
543.01,9005.95,65457.4,1
426.45,482.45,65346.41,1
1832.04,7423.44,65245.25,1
1647.43,8374.15,65123.03,1
0.0,9889.3,65074.03,1
0.0,2305.5,64963.45,1
19390.39,2415.83,64867.15,1
930.42,10584.98,64604.86,1
1557.68,7527.71,64597.0,1
0.0,1574.0,64406.91,1
0.0,378.86,64401.48,1
1218.94,10460.79,64365.61,1
764.7,657.84,64286.34,1
0.0,9926.45,64259.09,1
0.0,2681.83,64226.0,1
0.0,2597.78,64086.98,1
0.0,9537.17,64013.68,1
3357.44,4861.17,63932.34,1
0.0,271.38,63875.19,1
0.0,8155.34,63794.95,1
0.0,9312.21,63687.35,1
5280.32,4397.58,63647.35,1
0.0,7218.03,63382.89,1
0.0,0.0,63317.18,1
0.0,7851.75,63310.2,1
2610.48,273.12,63287.39,1
0.0,6456.86,63220.43,1
3159.46,7610.7,63158.16,1
276.58,1910.48,63149.22,1
0.0,7355.68,63022.25,1
0.0,8485.81,62823.23,1
0.0,701.66,62562.06,1
0.0,1482.0,62510.13,1
0.0,2366.19,62417.06,1
0.0,7243.52,62105.03,1
2442.36,1662.16,61985.29,1
962.96,4976.99,61481.95,1
719.89,4796.62,61366.88,1
3383.52,1125.32,61329.96,1
0.0,5533.55,61271.29,1
0.0,1776.74,61258.75,1
0.0,1240.74,61124.86,1
0.0,257.94,60913.08,1
3120.79,613.5,60736.3,1
1518.26,2935.72,60721.6,1
0.0,1769.38,60622.52,1
0.0,338.44,60611.98,1
0.0,602.62,60531.88,1
0.0,1273.4,60415.71,1
2251.76,8227.51,60327.41,1
0.0,45906.8,60302.99,1
1040.36,2183.75,60234.31,1
0.0,1105.86,60156.74,1
0.0,8361.56,60134.79,1
0.0,2652.05,60063.87,1
0.0,5503.48,60007.87,1
106.05,1275.0,59923.21,1
625.73,3447.63,59790.86,1
1069.65,250.0,59726.71,1
3349.57,6381.32,59562.06,1
0.0,7768.27,59502.17,1
1019.34,10010.15,59340.6,1
470.36,13579.35,59301.93,1
0.0,5761.82,59189.48,1
0.0,7249.92,59157.04,1
0.0,0.0,58998.2,1
0.0,27825.11,58940.74,1
2138.34,7139.3,58893.23,1
66.75,0.0,58824.25,1
1026.13,2108.15,58820.44,1
3973.73,7506.44,58791.24,1
12396.08,1408.53,58746.82,1
0.0,0.0,58662.38,1
1177.5,7343.78,58632.77,1
91.79,4765.28,58378.12,1
0.0,7176.62,58346.42,1
2502.91,6980.59,58323.21,1
1383.53,2622.13,58081.93,1
0.0,4540.19,58021.67,1
2817.13,5579.58,57931.79,1
0.0,7336.5,57915.63,1
0.0,7225.99,57862.96,1
0.0,1359.75,57667.41,1
0.0,2367.36,57324.57,1
152.8,7637.5,57316.93,1
0.0,0.0,56973.44,1
0.0,1372.76,56972.93,1
2037.08,3917.63,56971.24,1
0.0,7000.43,56842.65,1
0.0,19391.32,56637.94,1
1282.32,7599.81,56539.54,1
0.0,9410.29,56461.71,1
2936.61,12046.2,56460.28,1
4322.57,8300.32,56314.72,1
0.0,2741.52,56298.77,1
0.0,1496.44,56289.67,1
0.0,6900.78,56280.21,1
0.0,1769.97,56229.97,1
0.0,0.0,56229.26,1
0.0,6894.44,56145.77,1
0.0,7974.61,56073.25,1
0.0,1571.48,56015.34,1
0.0,1965.72,55955.84,1
0.0,13814.95,55796.64,1
0.0,4223.35,55792.96,1
0.0,0.0,55637.56,1
0.0,550.0,55532.02,1
0.0,6591.33,55434.06,1
844.82,3004.46,55425.42,1
0.0,0.0,55239.7,1
1247.13,2289.77,55015.56,1
1186.92,8776.92,54993.93,1
752.85,332.04,54989.95,1
1634.79,7331.39,54916.6,1
1227.62,7547.09,54703.49,1
0.0,575.2,54699.01,1
0.0,4492.51,54335.73,1
0.0,7978.89,54321.2,1
0.0,2536.56,54205.0,1
0.0,0.0,54198.92,1
3130.64,6911.7,54047.68,1
1029.78,0.0,53992.9,1
0.0,4757.29,53904.9,1
873.96,8106.8,53796.46,1
4452.87,5137.07,53677.95,1
0.0,2668.8,53579.01,1
0.0,4402.24,53453.16,1
2198.15,2317.58,53388.12,1
0.0,1288.28,53015.36,1
8359.92,601.66,52867.26,1
11529.58,1250.08,52835.71,1
0.0,7551.65,52748.55,1
1531.17,4712.14,52708.79,1
0.0,8083.95,52536.94,1
1558.92,1783.44,52530.51,1
1115.04,4888.04,52507.32,1
0.0,7111.8,52471.56,1
1584.01,2369.15,52340.43,1
0.0,116.53,52303.07,1
0.0,7337.36,52266.82,1
0.0,9013.18,52241.61,1
989.0,1846.44,52116.66,1
0.0,4639.74,51977.07,1
3064.82,1556.19,51673.45,1
0.0,3334.55,51652.07,1
4551.33,6498.26,51462.69,1
0.0,5994.8,51290.87,1
0.0,26618.75,51287.04,1
0.0,4463.19,51129.04,1
0.0,4361.04,50959.11,1
0.0,2294.75,50881.55,1
0.0,5501.06,50862.08,1
0.0,6.46,50852.4,1
0.0,1012.38,50795.26,1
113.53,6990.6,50631.34,1
2941.98,5690.87,50576.11,1
127.97,1634.11,50465.84,1
2678.15,1202.04,50464.34,1
11060.57,2523.33,50461.06,1
0.0,250.0,50435.72,1
0.0,0.0,50431.65,1
741.83,1703.28,50363.87,1
0.0,9.69,50189.18,1
0.0,1125.0,50183.49,1
1544.1,7956.39,49941.23,1
136.02,2259.12,49786.63,1
0.0,731.72,49683.3,1
0.0,2522.6,49676.22,1
8966.19,2717.81,49670.59,1
4648.92,1424.42,49661.38,1
958.75,6733.99,49453.45,1
0.0,2351.26,49425.95,1
0.0,2935.75,49218.61,1
0.0,1400.05,49198.15,1
3318.29,2613.24,49149.02,1
0.0,0.0,48453.77,1
3508.66,5385.48,48435.79,1
0.0,4370.44,48410.19,1
594.25,250.0,48310.29,1
5585.26,1278.01,48302.51,1
0.0,0.0,48302.18,1
5542.53,0.0,48249.67,1
0.0,103.72,48178.65,1
2422.88,5559.0,48112.57,1
1356.87,4284.1,48047.09,1
0.0,522.51,48012.33,1
254.84,7215.62,47935.35,1
0.0,2486.13,47919.87,1
186.03,1868.94,47880.17,1
3027.07,3559.31,47864.24,1
3189.51,4081.69,47844.25,1
1020.01,7043.22,47829.23,1
0.0,865.6,47821.21,1
0.0,824.93,47719.79,1
0.0,1610.82,47622.71,1
0.0,676.67,47446.38,1
0.0,276.53,47382.46,1
2422.88,5608.19,47155.39,1
113.53,4420.4,47079.38,1
1629.71,899.98,47054.53,1
0.0,5843.81,46676.19,1
0.0,0.0,46539.11,1
511.92,2169.55,46118.0,1
0.0,7249.69,46035.35,1
1174.95,6001.45,45994.4,1
0.0,1102.79,45983.05,1
0.0,6319.31,45941.09,1
0.0,138.1,45906.08,1
0.0,398.85,45781.3,1
0.0,1256.7,45644.26,1
0.0,6075.03,45583.97,1
5562.86,5713.66,45583.29,1
0.0,31.15,45569.6,1
0.0,0.0,45382.83,1
1104.89,2056.69,45353.64,1
498.0,23.24,45275.89,1
0.0,5583.63,45238.45,1
658.83,750.73,45168.48,1
0.0,7587.52,45162.64,1
0.0,6128.51,45155.73,1
0.0,4792.98,45155.19,1
0.0,5290.27,45155.16,1
0.0,201.64,45102.9,1
0.0,3370.43,44992.84,1
0.0,1031.69,44937.39,1
0.0,2955.77,44936.42,1
831.51,1531.46,44901.23,1
527.26,5591.6,44867.5,1
0.0,1404.78,44820.93,1
0.0,5995.02,44690.7,1
772.53,250.0,44650.51,1
0.0,901.28,44602.59,1
56.63,1097.43,44514.5,1
0.0,6796.53,44464.17,1
4183.21,4571.35,44369.7,1
0.0,24.73,44322.41,1
0.0,3611.0,44321.94,1
0.0,5108.76,44266.79,1
1163.87,1785.33,44113.2,1
0.0,0.0,44069.37,1
1628.24,1092.69,43892.15,1
0.0,0.0,43726.89,1
0.0,1204.79,43663.17,1
1260.85,2230.7,43585.8,1
1723.49,1869.3,43521.13,1
0.0,5182.67,43315.03,1
0.0,1668.6,43210.28,1
0.0,4955.84,43163.75,1
0.0,242.58,43007.76,1
0.0,238.27,42968.22,1
0.0,418.47,42956.04,1
0.0,248.62,42872.11,1
0.0,1555.5,42855.49,1
0.0,2398.88,42621.57,1
33.83,4548.61,42557.04,1
0.0,1144.37,42522.38,1
0.0,1178.99,42479.44,1
1115.65,1649.45,42432.4,1
989.1,7619.06,42429.42,1
0.0,4081.31,42247.16,1
0.0,0.0,42089.12,1
0.0,5224.72,42003.88,1
0.0,899.76,41711.5,1
0.0,4108.09,41694.15,1
2276.18,1449.01,41686.03,1
0.0,0.0,41574.08,1
0.0,0.0,41479.11,1
0.0,3473.13,41459.04,1
0.0,5355.38,41415.74,1
0.0,1117.25,41399.54,1
0.0,4117.82,41379.4,1
323.54,6325.03,41373.34,1
878.69,1558.04,41241.14,1
0.0,4064.77,41235.53,1
1341.3,2449.72,41231.36,1
0.0,2642.5,41108.85,1
0.0,4434.88,41033.02,1
0.0,5113.09,40971.09,1
0.0,4456.51,40878.32,1
0.0,1077.39,40819.84,1
0.0,3.76,40819.08,1
59.92,5011.3,40810.03,1
0.0,6278.33,40717.12,1
0.0,3902.8,40569.94,1
0.0,4846.19,40518.99,1
0.0,1488.62,40464.34,1
0.0,3251.39,40335.88,1
0.0,4184.16,40315.69,1
0.0,3277.63,40191.04,1
1054.52,1971.71,40179.97,1
0.0,6344.76,40114.68,1
0.0,4879.44,40088.09,1
0.0,4914.5,40044.49,1
0.0,1288.68,39932.35,1
0.0,3985.09,39855.22,1
1166.92,8199.47,39844.86,1
2450.98,1120.12,39843.19,1
0.0,80.36,39818.57,1
1265.94,3606.84,39806.89,1
0.0,0.0,39769.13,1
207.81,1346.47,39765.42,1
0.0,1154.61,39692.19,1
1422.09,1375.05,39674.43,1
0.0,5714.17,39621.4,1
6400.02,3949.07,39611.61,1
50.84,340.67,39508.28,1
6355.92,3702.31,39507.81,1
0.0,1038.44,39342.95,1
0.0,1405.35,39271.01,1
2107.6,1631.63,39259.33,1
1260.85,2255.7,39216.27,1
1405.8,559.78,39213.78,1
0.0,24727.01,39170.05,1
0.0,3100.53,39167.82,1
544.01,3320.96,39131.69,1
0.0,1098.13,38938.03,1
2017.18,1271.21,38909.44,1
2377.41,5234.22,38679.8,1
0.0,4693.4,38607.34,1
0.0,3859.03,38579.77,1
1020.01,1759.8,38558.29,1
0.0,0.0,38477.8,1
3009.77,2626.38,38402.39,1
420.68,10988.66,38339.63,1
0.0,0.0,38311.78,1
3025.7,1310.02,38208.06,1
775.35,0.0,38126.92,1
1824.45,3051.04,38113.65,1
0.0,452.12,38107.52,1
0.0,643.89,37929.09,1
2297.49,3350.33,37897.65,1
0.0,982.17,37831.03,1
0.0,1352.12,37734.71,1
0.0,29785.48,37710.46,1
963.74,2087.9,37692.62,1
1115.64,5328.14,37579.28,1
0.0,14165.37,37523.77,1
0.0,4545.06,37520.98,1
840.7,2047.13,37512.15,1
0.0,66.93,37438.57,1
2649.16,3866.9,37428.47,1
0.0,4522.59,37387.92,1
0.0,322.46,37379.14,1
2757.35,1141.54,37316.92,1
0.0,0.0,37302.68,1
0.0,141.73,37126.82,1
0.0,4485.1,37075.96,1
0.0,5296.95,37063.03,1
0.0,3319.27,37050.75,1
0.0,0.0,37040.18,1
0.0,1603.24,37034.9,1
1023.83,2106.36,36902.9,1
0.0,4890.47,36580.14,1
7860.01,20320.03,36572.81,1
0.0,2976.86,36493.21,1
69.15,1166.11,36377.44,1
1772.64,1571.75,36316.16,1
0.0,190.98,36311.11,1
4870.36,4007.2,36280.56,1
0.0,2869.9,36168.18,1
0.0,3476.48,36165.04,1
0.0,4355.48,36091.4,1
1260.85,1555.36,36082.64,1
0.0,930.27,35992.68,1
0.0,4278.09,35965.89,1
0.0,3073.98,35942.94,1
1296.29,2290.81,35874.65,1
0.0,1827.33,35828.5,1
0.0,183.32,35827.49,1
2171.56,3043.1,35703.29,1
2937.33,2840.02,35694.56,1
0.0,0.0,35649.92,1
0.0,431.48,35644.59,1
0.0,5453.55,35533.91,1
0.0,579.67,35530.77,1
2965.22,232.81,35518.13,1
0.0,358.91,35427.4,1
0.0,4525.76,35357.08,1
0.0,0.0,35328.78,1
0.0,188.48,35268.12,1
2361.32,4069.93,35220.14,1
0.0,3319.95,35204.76,1
0.0,4293.6,35131.61,1
0.0,4709.09,35106.22,1
3790.67,5726.87,35040.74,1
0.0,2722.21,34970.74,1
0.0,1649.45,34871.25,1
0.0,4229.15,34821.5,1
705.23,1586.95,34807.64,1
2099.46,1609.18,34776.35,1
0.0,2548.82,34647.39,1
1552.25,1748.42,34601.91,1
1318.74,4171.91,34594.02,1
0.0,196.44,34536.69,1
2306.34,4400.79,34384.31,1
2687.48,10429.17,34262.93,1
0.0,1388.71,34258.75,1
0.0,1810.98,34232.78,1
0.0,1065.36,34113.19,1
0.0,885.46,33996.03,1
0.0,1301.95,33983.99,1
0.0,173.6,33859.24,1
0.0,1911.37,33758.56,1
17722.8,15173.72,33748.63,1
0.0,924.75,33678.92,1
1959.74,4415.64,33592.79,1
0.0,441.86,33550.04,1
0.0,2549.88,33539.56,1
0.0,4738.66,33513.69,1
0.0,885.28,33482.44,1
232.69,1992.35,33357.83,1
0.0,4912.57,33304.28,1
0.0,426.34,33255.11,1
0.0,1586.43,33170.7,1
0.0,4057.14,33069.66,1
0.0,89.0,32947.81,1
2420.11,1445.61,32868.92,1
0.0,4499.93,32847.71,1
0.0,12311.86,32809.65,1
1321.96,3090.83,32750.98,1
0.0,3943.23,32702.6,1
4722.84,3808.17,32655.65,1
0.0,977.49,32622.07,1
0.0,15.58,32621.72,1
0.0,762.02,32547.14,1
2974.66,4382.89,32408.15,1
0.0,1056.06,32314.92,1
2544.12,1800.68,32268.02,1
0.0,3633.16,32183.63,1
0.0,878.13,32169.03,1
269.14,731.37,32148.96,1
7681.13,13941.49,32043.09,1
0.0,871.91,32036.92,1
901.5,1874.1,31975.01,1
0.0,3853.13,31824.72,1
0.0,896.11,31783.41,1
2017.04,3432.02,31738.53,1
0.0,995.71,31696.49,1
0.0,1009.81,31654.01,1
0.0,3177.59,31601.74,1
0.0,0.0,31520.39,1
1008.59,1943.5,31457.14,1
1698.08,2850.13,31446.58,1
336.2,1603.1,31413.35,1
0.0,390.08,31343.66,1
2582.89,2149.39,31285.99,1
0.0,1483.58,31282.48,1
0.0,807.32,31187.08,1
0.0,3299.62,31134.79,1
271.13,1871.94,31057.0,1
1316.65,967.95,31036.78,1
0.0,3941.21,31009.41,1
1039.18,2435.55,30724.71,1
0.0,4727.98,30626.08,1
0.0,1757.3,30600.23,1
1723.27,3489.2,30600.23,1
0.0,3678.37,30600.08,1
0.0,4368.1,30576.4,1
0.0,23497.49,30535.83,1
0.0,0.0,30458.07,1
71.9,3636.65,30441.48,1
880.11,3234.04,30421.4,1
65.68,2987.27,30399.4,1
0.0,971.13,30313.12,1
234.99,1762.58,30256.55,1
2060.63,4749.25,30196.52,1
2446.2,6005.08,30173.16,1
385.0,877.44,30077.74,1
0.0,714.17,30054.66,1
8878.18,15697.95,30050.99,1
0.0,3600.32,30036.33,1
1499.88,2307.44,29999.83,1
19.38,0.0,29957.74,1
0.0,3611.19,29937.68,1
108.45,1610.57,29896.76,1
0.0,1952.29,29882.28,1
2171.56,11814.52,29864.2,1
0.0,2207.52,29834.67,1
0.0,2684.39,29800.13,1
9174.45,454.39,29776.85,1
0.0,925.5,29707.55,1
0.0,2637.83,29636.93,1
0.0,3690.04,29575.45,1
0.0,0.0,29566.88,1
0.0,943.44,29537.59,1
5874.73,1865.37,29520.06,1
890.1,2064.67,29485.54,1
0.0,3690.74,29321.72,1
0.0,22218.33,29287.42,1
0.0,3619.86,29116.69,1
0.0,3727.36,29060.9,1
2076.22,3097.28,29014.91,1
0.0,1070.27,28943.23,1
775.35,673.83,28936.85,1
0.0,5267.04,28890.4,1
0.0,3757.07,28883.93,1
0.0,2250.56,28839.89,1
0.0,3116.65,28776.84,1
1606.24,3319.36,28659.75,1
0.0,214.72,28657.5,1
1969.6,1509.25,28585.87,1
0.0,4695.06,28559.86,1
0.0,2718.08,28534.23,1
0.0,227.24,28353.73,1
0.0,3399.3,28268.16,1
0.0,3368.94,28162.58,1
0.0,1913.81,28066.27,1
0.0,831.43,28018.36,1
1115.04,1340.32,27993.04,1
0.0,2432.87,27935.38,1
0.0,793.98,27855.97,1
0.0,1986.05,27833.1,1
0.0,511.96,27768.8,1
0.0,2041.29,27718.78,1
0.0,616.87,27667.18,1
1165.28,229.78,27646.76,1
0.0,0.0,27581.11,1
1468.69,3578.41,27565.86,1
1166.92,1811.8,27443.61,1
108.23,0.0,27344.45,1
0.0,2855.35,27339.49,1
0.0,1055.63,27338.56,1
616.63,873.39,27267.43,1
0.0,3577.39,27263.75,1
458.54,1726.03,27191.64,1
0.0,0.0,27188.54,1
975.15,411.98,27188.17,1
0.0,0.0,27112.98,1
794.73,1988.78,27062.7,1
894.8,3194.49,27006.28,1
0.0,3238.12,26952.26,1
0.0,1261.72,26934.28,1
0.0,4117.79,26926.65,1
0.0,633.1,26895.49,1
0.0,36.77,26798.23,1
0.0,277.09,26756.03,1
0.0,27.98,26742.52,1
0.0,948.79,26740.14,1
0.0,3216.2,26728.43,1
0.0,0.0,26668.77,1
0.0,780.8,26631.61,1
0.0,358.2,26611.43,1
0.0,0.0,26540.83,1
0.0,0.0,26469.25,1
0.0,2295.78,26457.77,1
0.0,1494.38,26401.54,1
0.0,230.4,26283.07,1
219.69,532.82,26207.95,1
917.85,330.1,26189.06,1
0.0,1221.83,26164.39,1
0.0,3150.44,26140.03,1
1742.05,18199.15,26138.39,1
0.0,1797.69,26136.45,1
0.0,1221.24,26105.91,1
503.56,3653.93,26084.35,1
0.0,7222.9,26068.55,1
0.0,3783.62,26068.33,1
0.0,1779.12,26058.34,1
1154.4,316.83,26006.18,1
0.0,14030.0,26002.85,1
0.0,1423.64,25904.67,1
3083.29,7857.67,25878.27,1
0.0,825.37,25866.41,1
1054.52,2571.07,25845.52,1
0.0,693.65,25800.66,1
0.0,25595.0,25595.0,1
0.0,3064.67,25581.0,1
1703.63,406.39,25531.8,1
0.0,125.96,25508.82,1
0.0,2862.82,25430.08,1
3178.02,1854.26,25405.98,1
1511.49,1667.29,25363.91,1
0.0,2926.29,25354.06,1
0.0,18729.13,25308.14,1
722.1,322.35,25307.35,1
0.0,395.53,25265.81,1
0.0,25226.41,25226.41,1
0.0,0.0,25224.36,1
0.0,1920.9,25213.96,1
2457.18,2929.99,25170.01,1
0.0,258.5,25157.68,1
951.89,1771.78,25025.42,1
265.67,1020.19,24924.49,1
0.0,2904.65,24897.2,1
0.0,0.0,24821.37,1
0.0,6986.19,24783.15,1
0.0,2019.62,24643.19,1
0.0,3205.78,24547.55,1
854.12,684.67,24524.31,1
0.0,0.0,24450.11,1
127.97,846.42,24447.66,1
0.0,169.55,24227.77,1
0.0,3826.34,24224.71,1
639.89,1166.16,24221.58,1
0.0,1076.47,24143.7,1
0.0,452.1,24092.01,1
0.0,0.0,24080.76,1
1186.92,3794.32,24019.16,1
0.0,2873.71,24005.23,1
0.0,1454.52,23988.11,1
0.0,2099.83,23979.1,1
0.0,275.93,23940.14,1
0.0,3638.98,23830.28,1
1337.89,1364.17,23700.14,1
0.0,2585.8,23640.2,1
0.0,561.7,23639.2,1
0.0,3448.95,23620.08,1
7203.29,15243.37,23592.65,1
0.0,67.91,23511.9,1
60.15,955.64,23476.99,1
0.0,977.05,23287.68,1
0.0,743.75,23285.66,1
0.0,2820.45,23282.14,1
0.0,160.31,23237.16,1
0.0,586.24,23183.16,1
0.0,18.47,23092.1,1
0.0,2795.54,23032.5,1
1152.26,1223.86,23002.63,1
0.0,186.89,22985.91,1
0.0,2789.57,22983.87,1
0.0,155.29,22950.61,1
0.0,871.08,22945.76,1
0.0,14.52,22940.99,1
0.0,457.98,22933.06,1
0.0,0.0,22861.49,1
0.0,2178.17,22853.36,1
0.0,987.06,22771.99,1
0.0,1382.18,22720.9,1
0.0,1029.28,22689.74,1
0.0,0.0,22657.7,1
0.0,120.61,22639.48,1
0.0,213.28,22391.16,1
610.59,488.1,22253.6,1
0.0,628.8,22200.26,1
0.0,0.0,22183.86,1
0.0,512.97,22162.4,1
0.0,3502.08,22127.12,1
255.67,853.4,22108.8,1
1139.03,284.44,22068.45,1
2378.26,5802.37,22064.56,1
0.0,671.86,21968.17,1
0.0,2619.18,21858.83,1
65.91,1866.82,21769.35,1
0.0,0.0,21717.5,1
0.0,0.0,21684.75,1
0.0,759.22,21591.11,1
1532.48,2991.78,21586.3,1
0.0,1111.73,21557.68,1
1020.01,2009.96,21493.83,1
0.0,99.99,21486.36,1
0.0,2265.76,21447.94,1
0.0,1122.41,21444.77,1
0.0,951.16,21274.29,1
0.0,701.73,21222.13,1
0.0,175.0,21157.42,1
0.0,2517.4,20999.22,1
1023.83,1145.95,20976.74,1
0.0,701.55,20894.55,1
0.0,1123.22,20889.07,1
0.0,554.89,20880.67,1
0.0,1477.44,20841.25,1
1606.24,2283.24,20816.93,1
0.0,835.92,20767.84,1
0.0,804.25,20704.44,1
0.0,2104.32,20686.96,1
0.0,5497.54,20668.06,1
0.0,267.65,20587.89,1
4739.19,2256.75,20536.44,1
0.0,684.0,20482.85,1
0.0,850.79,20462.67,1
0.0,2438.73,20426.48,1
0.0,603.05,20418.96,1
0.0,36.6,20407.08,1
0.0,546.65,20259.6,1
286.49,1110.22,20235.85,1
1068.6,1165.54,20231.62,1
0.0,2749.66,20203.17,1
0.0,1086.65,20165.51,1
0.0,607.45,20070.75,1
0.0,2934.65,20013.24,1
0.0,698.79,20003.0,1
0.0,2658.89,19989.04,1
0.0,1084.34,19967.42,1
0.0,748.0,19954.46,1
0.0,510.71,19925.28,1
50.84,0.0,19845.88,1
0.0,2828.79,19799.52,1
0.0,2382.53,19688.15,1
0.0,604.58,19659.26,1
0.0,3196.6,19569.75,1
0.0,833.62,19548.22,1
0.0,0.0,19416.86,1
3506.6,13168.5,19377.07,1
0.0,787.78,19371.55,1
0.0,1040.17,19254.41,1
0.0,1808.09,19146.39,1
0.0,2669.6,19143.08,1
0.0,275.0,19104.14,1
0.0,1522.48,19056.51,1
0.0,14287.63,18946.99,1
0.0,888.4,18934.27,1
59.49,1594.02,18919.15,1
0.0,101.86,18864.31,1
0.0,1668.93,18632.37,1
38.89,1945.24,18528.05,1
934.5,290.93,18518.99,1
0.0,2305.54,18423.55,1
0.0,65.91,18397.4,1
0.0,777.49,18395.47,1
0.0,1351.32,18335.4,1
627.76,227.71,18288.0,1
0.0,490.44,18162.16,1
0.0,2167.69,18134.58,1
1930.28,2021.2,18118.37,1
0.0,461.36,18012.08,1
0.0,56.54,17976.46,1
0.0,2620.09,17954.54,1
7230.79,8037.92,17937.8,1
0.0,3849.43,17926.12,1
0.0,1616.53,17820.87,1
0.0,0.0,17701.73,1
0.0,634.51,17692.31,1
0.0,279.47,17635.09,1
0.0,1334.5,17609.87,1
0.0,0.0,17586.93,1
0.0,0.0,17581.21,1
1276.66,1631.77,17460.17,1
0.0,2444.43,17452.6,1
0.0,0.0,17396.55,1
0.0,576.49,17339.59,1
0.0,2367.64,17328.13,1
0.0,2034.33,17311.67,1
0.0,1349.98,17308.85,1
0.0,1263.26,17224.28,1
0.0,95.58,17210.13,1
5207.56,6161.37,17171.45,1
0.0,0.0,17081.13,1
0.0,1952.62,17076.3,1
0.0,6.46,17059.26,1
0.0,0.0,17045.45,1
0.0,591.37,16857.52,1
0.0,1514.2,16846.05,1
210.84,2509.63,16764.27,1
0.0,1991.85,16742.91,1
0.0,1428.23,16732.71,1
135.29,1551.35,16697.97,1
0.0,485.04,16623.28,1
0.0,2558.37,16559.61,1
6190.27,1347.85,16475.3,1
0.0,1988.42,16457.07,1
0.0,946.74,16442.08,1
0.0,1328.64,16406.56,1
205.91,470.1,16401.5,1
0.0,2474.26,16348.71,1
0.0,367.3,16337.83,1
0.0,362.49,16324.16,1
0.0,436.62,16225.44,1
0.0,947.47,16202.5,1
0.0,562.26,16199.35,1
823.64,1619.48,16169.94,1
0.0,509.14,16144.54,1
0.0,431.16,16055.4,1
0.0,0.0,16028.67,1
0.0,256.23,15968.04,1
0.0,214.99,15845.29,1
0.0,0.0,15834.94,1
0.0,841.09,15795.6,1
0.0,88.56,15790.82,1
0.0,702.67,15770.36,1
0.0,215.11,15766.84,1
0.0,607.21,15759.26,1
0.0,921.92,15747.57,1
0.0,2165.01,15730.34,1
0.0,15.58,15719.07,1
0.0,1842.91,15685.01,1
0.0,1097.54,15581.31,1
0.0,1784.74,15579.72,1
0.0,702.93,15494.62,1
0.0,0.0,15406.59,1
0.0,1918.8,15404.47,1
0.0,1721.16,15402.66,1
1020.01,1268.34,15353.87,1
0.0,1749.22,15208.06,1
0.0,48.63,15207.58,1
0.0,0.0,15202.88,1
0.0,506.5,15162.65,1
903.42,1671.8,15130.5,1
0.0,993.92,15001.73,1
0.0,0.0,14992.08,1
0.0,350.62,14919.09,1
0.0,1012.47,14884.13,1
0.0,919.12,14788.29,1
0.0,175.71,14777.78,1
0.0,0.0,14717.47,1
0.0,162.99,14688.06,1
0.0,914.68,14587.62,1
0.0,1946.77,14577.64,1
0.0,2076.21,14563.56,1
0.0,1711.5,14551.36,1
0.0,0.0,14510.51,1
0.0,5083.66,14480.6,1
0.0,414.73,14458.73,1
0.0,1704.62,14405.88,1
0.0,1437.15,14391.62,1
61.19,1526.6,14391.48,1
0.0,1995.02,14382.13,1
0.0,0.0,14336.49,1
0.0,1148.85,14319.5,1
0.0,223.47,14307.05,1
0.0,1217.38,14295.65,1
0.0,343.72,14288.12,1
0.0,560.65,14269.74,1
0.0,395.32,14269.21,1
0.0,1998.38,14205.19,1
0.0,748.86,14194.37,1
0.0,806.38,14165.3,1
0.0,943.95,14119.44,1
0.0,1189.37,14078.75,1
0.0,796.56,13979.74,1
0.0,24.06,13971.88,1
0.0,1441.48,13895.05,1
0.0,369.58,13869.84,1
0.0,1135.72,13837.62,1
1117.24,1091.0,13809.88,1
0.0,23.37,13778.28,1
0.0,1613.24,13760.51,1
0.0,3.33,13634.99,1
0.0,0.0,13623.67,1
0.0,0.0,13611.17,1
0.0,308.11,13526.76,1
0.0,4623.78,13515.08,1
0.0,424.86,13471.56,1
0.0,660.49,13433.05,1
0.0,734.68,13430.04,1
0.0,907.3,13391.4,1
0.0,53.39,13362.0,1
0.0,0.0,13264.44,1
0.0,352.89,13254.15,1
0.0,1052.23,13202.32,1
0.0,427.13,13177.01,1
0.0,169.48,13175.67,1
447.4,812.19,13155.35,1
0.0,790.92,13094.26,1
0.0,662.78,13084.6,1
0.0,1848.16,13066.44,1
801.14,616.38,13053.68,1
0.0,953.7,13043.94,1
0.0,1033.29,13028.9,1
0.0,388.09,12997.08,1
0.0,592.96,12985.87,1
0.0,379.61,12981.03,1
0.0,196.58,12980.36,1
0.0,930.43,12947.32,1
0.0,285.09,12926.59,1
0.0,692.74,12912.5,1
0.0,1029.92,12849.82,1
0.0,453.58,12799.54,1
0.0,102.41,12796.17,1
1486.54,1162.38,12779.33,1
0.0,203.6,12742.22,1
0.0,1408.99,12717.35,1
0.0,389.1,12663.25,1
0.0,0.0,12646.79,1
1225.88,6075.09,12613.68,1
0.0,471.74,12578.52,1
0.0,1640.95,12563.84,1
1186.92,1559.01,12562.51,1
0.0,927.79,12536.48,1
0.0,10.94,12439.91,1
0.0,0.0,12411.58,1
0.0,351.4,12394.25,1
0.0,1444.33,12391.18,1
0.0,355.61,12364.26,1
0.0,331.18,12343.32,1
0.0,181.78,12285.29,1
0.0,1006.18,12207.51,1
0.0,1355.75,12195.51,1
374.06,799.86,12189.67,1
0.0,0.0,12128.32,1
0.0,360.67,12113.3,1
0.0,494.04,12110.86,1
0.0,379.84,12104.32,1
0.0,1132.31,12054.74,1
0.0,1257.69,12042.79,1
0.0,1485.92,12042.22,1
0.0,535.08,12007.3,1
0.0,214.9,11983.32,1
0.0,248.66,11942.93,1
0.0,404.11,11937.23,1
481.23,638.61,11870.28,1
0.0,72.53,11865.88,1
0.0,439.53,11812.86,1
0.0,27.45,11785.83,1
930.42,432.0,11780.23,1
0.0,314.9,11754.48,1
0.0,0.0,11750.42,1
0.0,1505.74,11747.96,1
0.0,0.0,11688.91,1
0.0,692.42,11686.0,1
1709.05,294.61,11626.26,1
0.0,403.34,11601.47,1
0.0,904.23,11599.98,1
1823.27,753.78,11561.85,1
0.0,1061.55,11558.7,1
121.71,172.85,11549.74,1
0.0,68.6,11472.45,1
0.0,323.31,11452.05,1
1550.7,0.0,11433.29,1
0.0,599.43,11356.85,1
0.0,548.45,11345.58,1
0.0,272.61,11322.87,1
0.0,0.0,11316.29,1
0.0,1344.19,11313.04,1
854.53,703.32,11306.45,1
0.0,807.12,11260.43,1
0.0,157.67,11260.13,1
0.0,840.57,11255.72,1
0.0,1138.23,11230.21,1
778.9,62.84,11201.92,1
0.0,695.72,11200.99,1
0.0,1320.07,11191.81,1
0.0,985.71,11190.91,1
0.0,0.0,11182.51,1
0.0,382.54,11114.7,1
0.0,19.16,11103.0,1
0.0,923.86,11084.42,1
0.0,1309.63,11047.04,1
0.0,837.29,10983.66,1
0.0,853.58,10931.27,1
0.0,117.64,10927.5,1
0.0,898.15,10916.48,1
0.0,0.0,10904.53,1
0.0,0.0,10901.63,1
0.0,56.59,10863.18,1
0.0,364.95,10861.28,1
3123.3,735.28,10851.82,1
69.73,1269.99,10850.27,1
0.0,231.86,10775.28,1
0.0,0.0,10762.41,1
722.46,625.83,10759.37,1
0.0,1721.39,10745.48,1
0.0,262.7,10661.88,1
0.0,1162.37,10657.57,1
0.0,1165.05,10613.78,1
0.0,0.0,10571.58,1
0.0,474.61,10518.97,1
0.0,269.73,10469.18,1
0.0,48.0,10467.12,1
0.0,194.28,10450.96,1
0.0,1232.26,10418.53,1
813.45,187.27,10416.31,1
0.0,6.99,10361.16,1
0.0,291.87,10360.94,1
0.0,534.56,10358.43,1
0.0,0.0,10357.77,1
0.0,0.0,10232.36,1
0.0,403.21,10213.18,1
0.0,222.88,10181.58,1
0.0,396.44,10154.43,1
0.0,441.61,10136.97,1
0.0,10095.96,10095.96,1
0.0,476.25,10082.6,1
0.0,1438.58,10070.03,1
0.0,243.23,10038.76,1
0.0,659.69,10028.78,1
0.0,0.0,9999.59,1
0.0,142.1,9997.23,1
0.0,873.7,9986.7,1
0.0,91.47,9961.2,1
0.0,318.64,9951.46,1
0.0,1164.18,9856.62,1
0.0,592.84,9794.15,1
0.0,594.12,9757.56,1
0.0,569.13,9755.58,1
1263.68,4880.19,9731.6,1
0.0,527.11,9715.62,1
0.0,58.38,9708.82,1
0.0,889.8,9708.72,1
0.0,1136.71,9707.19,1
0.0,157.0,9698.69,1
116.8,601.86,9696.06,1
0.0,1288.12,9685.99,1
0.0,127.29,9676.82,1
480.51,323.15,9666.21,1
0.0,0.0,9551.1,1
0.0,700.41,9549.74,1
875.81,5816.61,9443.33,1
0.0,0.0,9428.76,1
0.0,633.2,9397.17,1
0.0,0.0,9388.02,1
0.0,1231.69,9370.79,1
0.0,1020.65,9360.39,1
0.0,1284.38,9237.33,1
0.0,0.0,9234.09,1
0.0,1137.84,9225.56,1
0.0,73.86,9224.64,1
0.0,459.87,9182.73,1
0.0,1070.84,9129.82,1
0.0,1076.74,9061.61,1
0.0,251.0,9061.23,1
0.0,0.0,9040.57,1
0.0,0.0,9027.52,1
0.0,1104.54,9023.9,1
0.0,767.5,8997.34,1
0.0,0.0,8979.89,1
0.0,239.07,8973.71,1
0.0,175.15,8972.43,1
0.0,673.38,8894.2,1
0.0,1046.54,8893.96,1
0.0,0.0,8842.58,1
0.0,539.64,8832.7,1
0.0,185.24,8761.52,1
629.41,701.89,8755.27,1
0.0,280.16,8744.13,1
0.0,235.29,8743.09,1
0.0,1033.58,8713.09,1
0.0,214.34,8621.18,1
0.0,1074.52,8556.81,1
0.0,451.02,8553.35,1
0.0,861.35,8492.32,1
0.0,990.88,8470.67,1
0.0,75.89,8425.73,1
902.7,475.4,8408.87,1
0.0,354.96,8380.37,1
0.0,9.42,8375.54,1
0.0,339.98,8358.06,1
0.0,19.02,8345.69,1
0.0,0.0,8284.94,1
0.0,220.9,8230.71,1
0.0,0.0,8215.85,1
0.0,60.0,8214.87,1
0.0,1396.72,8196.62,1
0.0,398.02,8181.09,1
0.0,503.23,8177.6,1
0.0,331.49,8175.5,1
0.0,0.0,8171.47,1
0.0,208.26,8167.46,1
0.0,1114.11,8106.13,1
0.0,438.55,8031.29,1
0.0,3392.77,8025.18,1
0.0,739.37,8012.45,1
0.0,638.36,7979.94,1
0.0,246.49,7946.34,1
0.0,374.55,7938.0,1
0.0,19.97,7917.07,1
0.0,247.91,7913.02,1
248.25,182.34,7901.69,1
0.0,207.84,7873.22,1
0.0,207.85,7841.28,1
1132.73,371.49,7811.19,1
0.0,576.84,7796.48,1
0.0,4132.79,7718.16,1
0.0,203.44,7716.32,1
0.0,0.0,7716.29,1
0.0,567.45,7626.01,1
0.0,0.0,7618.93,1
0.0,6179.54,7612.7,1
0.0,422.22,7591.48,1
1046.73,516.9,7583.06,1
0.0,622.33,7559.98,1
0.0,512.57,7529.49,1
0.0,0.0,7487.88,1
0.0,46.49,7439.98,1
0.0,893.69,7436.06,1
0.0,650.36,7424.82,1
0.0,81.56,7415.36,1
0.0,6375.5,7392.55,1
0.0,489.87,7366.08,1
0.0,264.69,7356.4,1
0.0,849.35,7309.84,1
0.0,450.96,7277.81,1
0.0,650.77,7229.96,1
0.0,922.44,7229.49,1
1023.83,537.69,7208.05,1
0.0,273.98,7198.55,1
0.0,193.02,7165.7,1
0.0,191.73,7153.35,1
0.0,126.02,7113.03,1
0.0,7104.03,7104.03,1
2001.51,231.79,7089.64,1
0.0,7063.67,7063.67,1
0.0,5707.47,7017.4,1
0.0,367.71,7013.54,1
0.0,146.84,6984.39,1
0.0,0.0,6949.23,1
0.0,6944.8,6944.8,1
958.65,143.8,6941.68,1
0.0,767.06,6905.83,1
0.0,265.4,6902.64,1
770.15,307.82,6880.61,1
0.0,176.15,6877.06,1
0.0,0.0,6868.72,1
0.0,1134.74,6868.33,1
0.0,366.0,6837.76,1
0.0,0.0,6819.1,1
0.0,509.47,6808.23,1
0.0,0.0,6722.16,1
0.0,1109.54,6720.52,1
0.0,878.36,6716.71,1
0.0,1718.85,6705.29,1
0.0,177.78,6676.17,1
0.0,0.0,6661.33,1
0.0,93.13,6624.85,1
0.0,979.73,6613.25,1
0.0,838.81,6577.28,1
0.0,372.27,6535.75,1
0.0,90.21,6478.67,1
0.0,524.33,6472.53,1
0.0,0.0,6467.07,1
0.0,175.37,6460.21,1
509.0,170.31,6446.81,1
0.0,165.07,6424.25,1
0.0,0.0,6408.46,1
0.0,396.06,6368.26,1
0.0,176.58,6352.27,1
0.0,27.71,6254.79,1
0.0,0.0,6241.99,1
0.0,528.44,6230.71,1
0.0,111.84,6228.99,1
0.0,16.41,6210.45,1
0.0,219.39,6204.52,1
0.0,94.47,6202.28,1
0.0,152.13,6155.57,1
0.0,212.78,6146.05,1
0.0,46.49,6125.65,1
0.0,201.16,6110.75,1
0.0,570.26,6094.01,1
1116.9,592.01,6089.08,1
0.0,547.93,6024.89,1
462.63,268.87,6020.87,1
0.0,103.39,6013.46,1
0.0,0.0,6001.91,1
0.0,0.0,5971.81,1
0.0,0.0,5908.77,1
0.0,155.08,5899.38,1
0.0,14.16,5894.09,1
0.0,37.28,5874.33,1
0.0,1444.4,5861.96,1
0.0,142.41,5846.39,1
0.0,289.52,5810.96,1
0.0,277.76,5774.24,1
0.0,4730.68,5726.96,1
0.0,529.88,5716.91,1
0.0,0.0,5703.4,1
0.0,0.0,5701.14,1
0.0,64.93,5673.05,1
0.0,0.0,5657.22,1
0.0,122.99,5611.28,1
0.0,146.4,5610.8,1
0.0,32.0,5591.52,1
511.34,207.77,5585.35,1
0.0,3915.52,5563.68,1
1495.09,301.25,5532.65,1
0.0,86.33,5451.09,1
0.0,139.46,5439.45,1
0.0,153.15,5423.0,1
0.0,134.85,5387.78,1
0.0,108.46,5347.14,1
0.0,4389.15,5313.51,1
0.0,243.16,5302.05,1
0.0,439.83,5297.96,1
0.0,18.25,5296.71,1
0.0,120.87,5294.95,1
0.0,849.0,5242.43,1
0.0,103.58,5234.11,1
0.0,2380.28,5183.19,1
0.0,486.25,5145.61,1
0.0,371.2,5102.76,1
0.0,147.96,5071.39,1
0.0,585.73,5028.78,1
0.0,270.56,5002.43,1
0.0,125.97,4995.25,1
0.0,823.12,4988.1,1
0.0,194.64,4987.2,1
0.0,252.71,4967.9,1
0.0,250.44,4963.23,1
0.0,329.51,4956.79,1
0.0,1046.1,4947.41,1
0.0,40.67,4885.01,1
0.0,0.0,4861.04,1
0.0,119.4,4857.14,1
0.0,15.3,4850.22,1
835.0,102.93,4849.58,1
0.0,0.0,4848.15,1
0.0,244.04,4838.97,1
0.0,171.96,4831.32,1
0.0,166.55,4825.91,1
0.0,4774.52,4822.27,1
0.0,31.56,4813.24,1
0.0,198.96,4738.12,1
0.0,143.29,4729.55,1
0.0,124.22,4727.79,1
0.0,283.08,4721.8,1
0.0,140.57,4701.01,1
0.0,124.58,4677.63,1
0.0,63.69,4660.69,1
0.0,0.0,4659.36,1
0.0,0.0,4657.39,1
0.0,0.0,4645.56,1
0.0,24.4,4571.44,1
0.0,121.26,4564.74,1
0.0,120.28,4553.59,1
0.0,530.03,4538.72,1
0.0,331.2,4515.54,1
0.0,339.09,4510.8,1
0.0,91.58,4474.38,1
0.0,252.35,4450.83,1
0.0,517.66,4435.32,1
0.0,2225.96,4433.44,1
0.0,26.72,4418.7,1
0.0,0.0,4365.16,1
531.5,3776.4,4350.98,1
0.0,4.24,4313.51,1
0.0,0.0,4311.45,1
0.0,499.48,4278.38,1
0.0,112.3,4272.81,1
0.0,200.76,4258.12,1
0.0,0.0,4227.72,1
0.0,3410.56,4212.48,1
0.0,3379.2,4197.67,1
1490.27,175.15,4187.72,1
0.0,456.19,4186.88,1
0.0,272.3,4172.79,1
0.0,80.79,4161.91,1
0.0,441.42,4159.69,1
105.05,298.84,4147.86,1
0.0,3280.67,4116.63,1
0.0,3264.4,4096.94,1
0.0,3456.5,4081.78,1
0.0,365.9,4065.16,1
0.0,460.4,4049.72,1
0.0,414.97,4043.17,1
0.0,27.12,4037.75,1
0.0,1222.54,3987.36,1
0.0,2915.21,3986.14,1
0.0,155.7,3971.7,1
66.79,102.55,3953.28,1
0.0,115.65,3946.31,1
0.0,116.48,3925.75,1
0.0,1248.73,3914.59,1
557.92,197.74,3901.31,1
1112.74,243.16,3883.06,1
0.0,0.0,3834.06,1
0.0,450.98,3833.33,1
0.0,3220.57,3804.72,1
0.0,288.85,3804.15,1
0.0,118.13,3792.9,1
0.0,112.95,3789.25,1
0.0,9.18,3759.92,1
0.0,0.0,3733.81,1
0.0,437.85,3729.65,1
0.0,79.41,3720.73,1
927.04,1712.96,3718.03,1
0.0,59.26,3716.88,1
0.0,82.13,3714.66,1
0.0,61.98,3710.9,1
0.0,0.0,3686.7,1
0.0,89.0,3628.93,1
0.0,466.89,3622.56,1
0.0,3058.67,3611.98,1
0.0,0.0,3611.89,1
0.0,108.46,3532.82,1
0.0,81.44,3511.39,1
0.0,3486.4,3486.4,1
0.0,415.94,3448.98,1
700.55,249.93,3430.3,1
0.0,95.25,3417.66,1
0.0,365.17,3344.03,1
0.0,2329.0,3337.82,1
929.7,165.82,3323.98,1
0.0,474.74,3298.84,1
0.0,0.0,3286.35,1
0.0,0.0,3270.13,1
0.0,20.0,3268.3,1
0.0,181.25,3260.18,1
0.0,453.85,3244.1,1
0.0,0.0,3241.09,1
0.0,443.46,3234.73,1
0.0,54.76,3215.93,1
0.0,0.0,3205.87,1
0.0,312.26,3192.95,1
0.0,84.39,3173.18,1
0.0,15.12,3165.48,1
0.0,336.34,3159.85,1
0.0,222.25,3121.61,1
0.0,185.41,3068.19,1
0.0,0.0,3059.27,1
0.0,60.18,3047.11,1
0.0,85.09,3040.03,1
0.0,124.1,3029.06,1
0.0,172.31,3017.62,1
0.0,87.88,3004.91,1
0.0,2373.0,2976.36,1
0.0,59.26,2972.69,1
0.0,305.96,2972.25,1
0.0,59.59,2943.29,1
0.0,0.0,2915.08,1
0.0,2346.47,2902.71,1
0.0,71.24,2900.29,1
0.0,59.38,2888.38,1
0.0,318.49,2840.59,1
0.0,82.49,2837.46,1
0.0,102.56,2804.36,1
0.0,313.85,2799.72,1
0.0,160.9,2792.99,1
0.0,0.0,2777.17,1
0.0,323.06,2751.64,1
0.0,134.1,2727.62,1
0.0,0.0,2713.87,1
0.0,123.96,2673.16,1
0.0,51.69,2662.55,1
0.0,181.16,2643.36,1
0.0,74.35,2612.15,1
0.0,192.8,2602.39,1
0.0,0.0,2590.25,1
0.0,67.91,2578.87,1
0.0,2120.51,2504.11,1
0.0,1987.9,2492.86,1
0.0,291.66,2491.83,1
0.0,642.48,2459.26,1
0.0,181.44,2445.64,1
0.0,116.17,2441.97,1
0.0,88.45,2440.14,1
0.0,95.8,2427.56,1
0.0,29.17,2412.82,1
0.0,106.61,2377.55,1
0.0,371.94,2339.8,1
0.0,0.0,2325.64,1
0.0,2291.52,2314.44,1
0.0,59.26,2311.77,1
0.0,85.09,2306.02,1
0.0,0.0,2305.73,1
0.0,106.86,2305.46,1
0.0,65.01,2294.75,1
0.0,92.97,2289.3,1
0.0,2287.37,2287.37,1
0.0,57.12,2249.99,1
727.15,151.24,2236.17,1
0.0,287.71,2226.9,1
0.0,56.64,2224.79,1
0.0,58.33,2222.74,1
0.0,196.8,2220.42,1
0.0,9.6,2208.67,1
0.0,58.38,2194.82,1
0.0,0.0,2171.1,1
0.0,0.0,2156.39,1
0.0,2136.96,2136.96,1
0.0,1881.15,2136.23,1
0.0,171.44,2131.63,1
0.0,156.48,2129.03,1
0.0,12.36,2115.45,1
0.0,300.9,2106.3,1
0.0,31.54,2105.39,1
0.0,350.28,2101.68,1
0.0,1672.96,2097.07,1
0.0,0.0,2089.72,1
0.0,0.0,2086.24,1
0.0,257.08,2083.21,1
0.0,93.01,2082.35,1
0.0,15.03,2074.4,1
0.0,1640.7,2056.22,1
0.0,0.0,2053.76,1
0.0,1725.0,2037.05,1
0.0,95.99,2023.24,1
0.0,84.96,1968.28,1
823.65,0.0,1941.07,1
0.0,119.99,1921.6,1
0.0,0.0,1915.98,1
0.0,0.0,1915.4,1
0.0,1889.7,1908.6,1
0.0,75.43,1905.64,1
0.0,0.0,1881.23,1
0.0,30.07,1864.68,1
0.0,68.58,1862.37,1
0.0,46.1,1845.87,1
0.0,120.35,1819.25,1
0.0,55.08,1813.04,1
0.0,0.0,1808.3,1
0.0,114.97,1804.84,1
0.0,191.72,1774.17,1
0.0,240.61,1769.11,1
0.0,60.71,1767.54,1
0.0,0.0,1751.4,1
0.0,128.1,1746.29,1
0.0,102.08,1735.76,1
0.0,108.6,1722.36,1
0.0,0.0,1715.89,1
0.0,1449.0,1711.12,1
0.0,30.99,1710.72,1
0.0,63.5,1673.38,1
0.0,211.05,1662.37,1
0.0,175.14,1637.53,1
0.0,1620.01,1636.21,1
0.0,177.32,1590.03,1
0.0,58.97,1541.68,1
0.0,145.83,1537.95,1
0.0,0.0,1517.16,1
0.0,0.0,1504.5,1
0.0,133.48,1494.11,1
0.0,0.0,1448.46,1
0.0,0.0,1440.46,1
0.0,0.0,1435.69,1
0.0,1435.44,1435.44,1
0.0,1153.78,1431.53,1
0.0,0.0,1423.67,1
0.0,95.97,1396.66,1
273.24,431.56,1380.03,1
0.0,159.78,1372.89,1
0.0,1161.5,1371.62,1
0.0,164.85,1368.06,1
0.0,40.01,1367.92,1
0.0,159.78,1364.72,1
0.0,35.62,1340.19,1
0.0,121.46,1336.06,1
0.0,155.12,1330.0,1
705.24,12.19,1328.75,1
0.0,0.0,1317.05,1
0.0,154.05,1311.38,1
0.0,31.36,1298.98,1
0.0,0.0,1293.2,1
0.0,33.53,1270.39,1
0.0,113.9,1265.43,1
0.0,100.83,1264.25,1
0.0,145.95,1256.2,1
0.0,32.97,1243.9,1
0.0,32.97,1237.21,1
0.0,141.58,1217.01,1
0.0,60.91,1207.28,1
0.0,138.83,1182.09,1
0.0,949.5,1178.88,1
0.0,30.99,1172.55,1
0.0,0.0,1170.7,1
0.0,0.0,1154.24,1
0.0,30.07,1150.18,1
0.0,25.76,1134.46,1
0.0,29.67,1131.92,1
0.0,0.0,1119.58,1
0.0,29.19,1116.78,1
0.0,1104.64,1115.69,1
0.0,0.0,1115.51,1
0.0,29.17,1106.93,1
293.56,0.0,1102.99,1
0.0,195.91,1101.12,1
0.0,0.0,1100.35,1
0.0,0.0,1095.45,1
0.0,0.0,1085.55,1
0.0,28.32,1069.04,1
0.0,0.0,1034.33,1
0.0,87.57,1026.79,1
0.0,50.9,1017.87,1
0.0,15.5,1014.16,1
0.0,130.46,979.9,1
0.0,23.24,977.74,1
0.0,71.24,970.85,1
0.0,82.02,970.7,1
0.0,0.0,962.47,1
0.0,56.17,956.73,1
0.0,0.0,952.5,1
0.0,14.16,920.66,1
0.0,124.1,912.34,1
0.0,876.23,884.99,1
0.0,64.96,878.62,1
0.0,0.0,878.33,1
0.0,29.49,858.56,1
0.0,116.66,851.59,1
0.0,47.93,845.5,1
0.0,68.16,842.18,1
0.0,0.0,809.42,1
0.0,30.07,804.71,1
0.0,0.0,795.57,1
0.0,0.0,792.45,1
0.0,782.74,790.57,1
0.0,106.68,781.16,1
0.0,0.0,760.29,1
0.0,0.0,758.13,1
0.0,0.0,723.11,1
0.0,0.0,712.69,1
0.0,15.41,688.23,1
0.0,36.03,673.15,1
0.0,0.0,670.42,1
0.0,0.0,667.86,1
0.0,0.0,666.78,1
0.0,109.82,665.51,1
0.0,29.06,660.49,1
0.0,47.39,647.39,1
0.0,32.51,634.08,1
0.0,619.87,626.07,1
0.0,0.0,619.8,1
0.0,46.49,612.31,1
0.0,33.96,599.97,1
0.0,17.97,543.95,1
0.0,18.81,525.27,1
0.0,53.32,521.75,1
0.0,69.73,515.06,1
0.0,416.97,504.78,1
0.0,36.68,491.94,1
0.0,0.0,471.92,1
0.0,16.82,455.72,1
0.0,10.7,451.44,1
0.0,0.0,432.9,1
0.0,30.99,417.98,1
0.0,30.99,415.06,1
0.0,33.78,414.57,1
0.0,312.28,391.85,1
0.0,0.0,379.43,1
0.0,0.0,375.77,1
0.0,0.0,359.64,1
0.0,341.19,344.6,1
0.0,0.0,343.69,1
0.0,0.0,340.39,1
0.0,0.0,299.83,1
0.0,0.0,296.26,1
0.0,235.25,294.89,1
0.0,0.0,249.09,1
0.0,0.0,233.21,1
0.0,220.5,220.5,1
0.0,30.09,220.05,1
0.0,0.0,185.18,1
0.0,139.71,175.2,1
0.0,16.49,121.15,1
0.0,8.13,109.06,1
0.0,7.99,108.37,1
0.0,101.5,102.52,1
0.0,3.87,101.37,1
0.0,0.0,96.43,1
0.0,69.0,81.48,1
0.0,80.56,80.56,1
0.0,57.52,69.37,1
0.0,4.12,55.84,1
0.0,33.55,40.46,1
0.0,28.49,34.35,1
0.0,0.0,29.03,1
0.0,0.0,26.21,1
0.0,0.0,24.27,1
0.0,23.72,23.72,1
0.0,19.27,23.24,1
0.0,6.0,7.24,1
